kinase,ensemble,draw,site
MAPK1,1,1,ABI2;S165;
MAPK1,1,2,DUSP27;S368;
MAPK1,1,3,FRYL;T1959;
MAPK1,1,4,TBC1D1;T590;
MAPK1,1,5,LMNA;S407;
MAPK1,1,6,LARP1;S916;
MAPK1,1,7,RPTOR;S863;
MAPK1,1,8,ZNRF2;S154;
MAPK1,1,9,SH3PXD2A;S956;
MAPK1,1,10,PSMC3;S12;
MAPK1,1,11,NES;S1131;
MAPK1,1,12,PHLDB2;S241;
MAPK1,1,13,EIF3A;S584;
MAPK1,1,14,AKAP1;S103;
MAPK1,1,15,PRRC2A;S765;
MAPK1,1,16,TNRC6B;S421;
MAPK1,1,17,GYS1;S728;
MAPK1,1,18,LOC684259;S780;
MAPK1,1,19,RGD1566017;S802;
MAPK1,1,20,AHNAK;S1191;
MAPK1,1,21,RPS6KA4;S681;
MAPK1,1,22,PATL1;S184;
MAPK1,1,23,SGTA;S306;
MAPK1,1,24,ACACA;S79;
MAPK1,1,25,SHC3;S359;
MAPK1,1,26,CBX5;S93;
MAPK1,1,27,MED24;S861;
MAPK1,1,28,TJP1;S1602;
MAPK1,1,29,ELMSAN1;S456;
MAPK1,1,30,MPHOSPH10;S168;
