kinase,ensemble,site,prob_class_1,prob_class_2
MAPK1,1,AAK1;S677;,0.04709620457584153,0.9529037954241585
MAPK1,1,ABCC4;S604;,0.799613202928401,0.2003867970715991
MAPK1,1,ABI2;S165;,0.02024542112692476,0.9797545788730753
MAPK1,1,ABI2;S168;,0.04388156244098203,0.9561184375590182
MAPK1,1,ABL2;S799;,0.01051074928172652,0.9894892507182735
MAPK1,1,ABLIM3;S566;,0.47486055597003046,0.5251394440299695
MAPK1,1,ABLIM3;S575;,0.031033164075060585,0.9689668359249394
MAPK1,1,ACACA;S79;,0.02033621301765824,0.9796637869823417
MAPK1,1,ACIN1;S711;,0.012922400206502939,0.9870775997934971
MAPK1,1,ADD1;S613;,0.10578876199090174,0.8942112380090984
MAPK1,1,ADD1;T614;,0.8308972273175577,0.16910277268244242
MAPK1,1,ADNP;S971;,0.5220303051594433,0.4779696948405568
MAPK1,1,AFF4;S823;,0.04109395345946454,0.9589060465405355
MAPK1,1,AGAP3;S107;,0.711109702470383,0.288890297529617
MAPK1,1,AHCTF1;S1214;,0.019848780585620687,0.9801512194143795
MAPK1,1,AHNAK;S1191;,0.020324707883081855,0.9796752921169181
MAPK1,1,AHNAK;S177;,0.01730559978827769,0.9826944002117225
MAPK1,1,AHNAK;S2060;,0.39497280413228336,0.6050271958677166
MAPK1,1,AHNAK;S211;,0.013954700859864326,0.9860452991401355
MAPK1,1,AHNAK;S2117;,0.021049439734537097,0.978950560265463
MAPK1,1,AHNAK;S222;,0.016939355292460604,0.9830606447075396
MAPK1,1,AHNAK;S3915;,0.274352666658622,0.7256473333413781
MAPK1,1,AHNAK;S42;,0.4784314167150789,0.521568583284921
MAPK1,1,AHNAK;S4597;,0.44279617011415096,0.5572038298858489
MAPK1,1,AHNAK;S5243;,0.5582850792649696,0.4417149207350304
MAPK1,1,AHNAK;T4049;,0.292187896434996,0.707812103565004
MAPK1,1,AHNAK2;S425;,0.5980115333569188,0.4019884666430812
MAPK1,1,AHNAK2;T438;,0.1527560139995945,0.8472439860004056
MAPK1,1,AIMP1;S110;,0.011077602653955633,0.9889223973460444
MAPK1,1,AJUBA;S129;,0.8535118296702212,0.14648817032977893
MAPK1,1,AKAP1;S103;,0.03353582420195844,0.9664641757980418
MAPK1,1,AKAP10;S278;,0.04307173847020726,0.9569282615297926
MAPK1,1,AKAP11;S1090;,0.03757859942484925,0.9624214005751509
MAPK1,1,AKAP11;S21;,0.028812057853270633,0.9711879421467292
MAPK1,1,AKAP11;S23;,0.02741975751296332,0.9725802424870369
MAPK1,1,AKAP11;S448;,0.6610765527448224,0.33892344725517765
MAPK1,1,AKAP13;S2515;,0.03530484834794479,0.9646951516520551
MAPK1,1,AKAP2;S152;,0.8471851042667105,0.1528148957332895
MAPK1,1,AKAP2;S730;,0.011195507468252848,0.9888044925317471
MAPK1,1,AKAP6;S562;,0.020991511540676338,0.9790084884593234
MAPK1,1,AKAP9;S3669;,0.2616811810663902,0.7383188189336098
MAPK1,1,AKT1S1;S184;,0.04102846554120125,0.9589715344587988
MAPK1,1,AKT1S1;T247;,0.028345415289628643,0.9716545847103714
MAPK1,1,ALKBH5;S362;,0.010148916188116404,0.9898510838118835
MAPK1,1,ALKBH5;S376;,0.027852349260967607,0.9721476507390323
MAPK1,1,AMOTL1;S580;,0.01801577763842736,0.9819842223615726
MAPK1,1,ANP32A;S15;,0.014025645224544542,0.9859743547754555
MAPK1,1,AP3D1;S755;,0.013960563543750757,0.9860394364562493
MAPK1,1,ARFGAP2;S145;,0.6651434812733171,0.33485651872668293
MAPK1,1,ARFGEF2;S214;,0.03800402790613672,0.9619959720938633
MAPK1,1,ARFIP1;S39;,0.019246912575150606,0.9807530874248495
MAPK1,1,ARHGAP17;S710;,0.020446180985298212,0.9795538190147016
MAPK1,1,ARHGAP22;S200;,0.7983692351894274,0.20163076481057263
MAPK1,1,ARHGAP22;S236;,0.022693064096057473,0.9773069359039425
MAPK1,1,ARHGAP35;S1174;,0.025796429610095296,0.9742035703899047
MAPK1,1,ARHGAP39;S284;,0.2133791390018302,0.7866208609981695
MAPK1,1,ARHGAP5;S1195;,0.020959103347186734,0.9790408966528132
MAPK1,1,ARHGAP5;S1202;,0.750111026052843,0.24988897394715695
MAPK1,1,ARHGAP5;S967;,0.6053049874861826,0.3946950125138174
MAPK1,1,ARHGEF12;S337;,0.05506701672037337,0.9449329832796266
MAPK1,1,ARHGEF12;S341;,0.7039203697465821,0.2960796302534177
MAPK1,1,ARHGEF17;S995;,0.01877728284046308,0.981222717159537
MAPK1,1,ARHGEF5;S721;,0.03747210262239565,0.9625278973776044
MAPK1,1,ARPP21;S256;,0.030247913409224572,0.9697520865907754
MAPK1,1,ATF7;T53;,0.05499576434245,0.94500423565755
MAPK1,1,ATG14;S5;,0.03316511584636102,0.966834884153639
MAPK1,1,ATG2A;S1246;,0.1805540305261524,0.8194459694738477
MAPK1,1,ATG2B;S240;,0.7678392357545696,0.23216076424543064
MAPK1,1,ATG2B;S255;,0.45212834837332405,0.5478716516266758
MAPK1,1,ATRX;S761;,0.008505974508471948,0.9914940254915281
MAPK1,1,ATXN2;S622;,0.6059795020792216,0.39402049792077826
MAPK1,1,ATXN2L;S109;,0.7848177146097713,0.21518228539022866
MAPK1,1,ATXN2L;S447;,0.8373620436184254,0.1626379563815744
MAPK1,1,AZI1;S114;,0.02816184555028251,0.9718381544497176
MAPK1,1,AZI1;S304;,0.008409177827008231,0.991590822172992
MAPK1,1,BAD;S171;,0.02927172251365262,0.9707282774863475
MAPK1,1,BAG3;S271;,0.46719871907525473,0.5328012809247451
MAPK1,1,BAG3;S387;,0.09085450560542789,0.9091454943945722
MAPK1,1,BAG3;S388;,0.5559024341885079,0.44409756581149207
MAPK1,1,BAIAP2L1;S218;,0.588065707566156,0.41193429243384394
MAPK1,1,BAIAP2L1;S380;,0.030621724293685246,0.9693782757063149
MAPK1,1,BAZ2A;S1388;,0.8599148414472458,0.14008515855275433
MAPK1,1,BBX;S243;,0.2409181241707649,0.7590818758292353
MAPK1,1,BCL9L;S116;,0.008692305380523235,0.9913076946194769
MAPK1,1,BCL9L;S21;,0.02458340887969436,0.9754165911203055
MAPK1,1,BCL9L;S25;,0.9205652092161196,0.07943479078388037
MAPK1,1,BICD2;S611;,0.866561705063943,0.1334382949360569
MAPK1,1,BICD2;S819;,0.034594108274303384,0.9654058917256966
MAPK1,1,BRAF;S134;,0.6844775910774804,0.3155224089225198
MAPK1,1,BRD8;S274;,0.875468608224996,0.12453139177500436
MAPK1,1,BRD8;T270;,0.596578113556713,0.40342188644328725
MAPK1,1,BSDC1;S216;,0.04211919960289511,0.957880800397105
MAPK1,1,C2CD4C;S262;,0.008153665042204468,0.9918463349577955
MAPK1,1,CACNB1;S53;,0.0662031649514623,0.9337968350485376
MAPK1,1,CALD1;S527;,0.38329759058545976,0.6167024094145402
MAPK1,1,CAMK2D;T371;,0.040969572558855874,0.959030427441144
MAPK1,1,CAMSAP1;S1154;,0.8076733134656117,0.19232668653438828
MAPK1,1,CAMSAP1;S517;,0.09797382948474026,0.9020261705152598
MAPK1,1,CAP2;S301;,0.5666976085189248,0.43330239148107513
MAPK1,1,CBX5;S93;,0.018181526340317167,0.981818473659683
MAPK1,1,CCDC6;S143;,0.6831428728904823,0.3168571271095177
MAPK1,1,CCDC88A;S1638;,0.03245023917354911,0.9675497608264508
MAPK1,1,CCDC91;S71;,0.3396377083377437,0.6603622916622564
MAPK1,1,CDC42EP2;S137;,0.7404536716107106,0.25954632838928937
MAPK1,1,CDC42EP2;S141;,0.793276450526299,0.20672354947370083
MAPK1,1,CDC42EP4;S140;,0.7680284085802671,0.23197159141973295
MAPK1,1,CDKN1A;S69;,0.20739564310054423,0.7926043568994559
MAPK1,1,CDKN1B;S12;,0.03370255846032727,0.9662974415396727
MAPK1,1,CDKN1B;S7;,0.042171898029995436,0.9578281019700048
MAPK1,1,CEP170B;S1166;,0.012872206504576626,0.9871277934954235
MAPK1,1,CEP68;S503;,0.0381170046150865,0.9618829953849134
MAPK1,1,CEP68;S510;,0.8715720652338894,0.12842793476611042
MAPK1,1,CHAMP1;S532;,0.8705010261928164,0.12949897380718342
MAPK1,1,CHD8;S549;,0.02802904553464098,0.9719709544653591
MAPK1,1,CHRND;S379;,0.03625822211930333,0.9637417778806967
MAPK1,1,CIC;S1394;,0.008850387230639956,0.9911496127693602
MAPK1,1,CIC;S1399;,0.02919016280557002,0.9708098371944299
MAPK1,1,CLASP2;S331;,0.02504700145088994,0.9749529985491099
MAPK1,1,CLIP1;S159;,0.6579366737998468,0.34206332620015323
MAPK1,1,COBL;S31;,0.01713644559261595,0.982863554407384
MAPK1,1,COBL;S34;,0.018788892063435886,0.9812111079365642
MAPK1,1,COG3;S536;,0.02063873931434857,0.9793612606856513
MAPK1,1,CORO7;S298;,0.017460178094455953,0.9825398219055439
MAPK1,1,DAB2IP;S802;,0.7008862761103065,0.2991137238896936
MAPK1,1,DAP;S2;,0.03155303665187202,0.9684469633481279
MAPK1,1,DAP;S3;,0.24879086162929387,0.7512091383707061
MAPK1,1,DBNDD1;S123;,0.014272077015567682,0.9857279229844323
MAPK1,1,DCAF6;S336;,0.23761699581136106,0.7623830041886389
MAPK1,1,DCLK1;S30;,0.02946774715135973,0.9705322528486402
MAPK1,1,DDX19A;S86;,0.8354143239624876,0.16458567603751237
MAPK1,1,DDX3X;S261;,0.20508284810995145,0.7949171518900487
MAPK1,1,DENND4C;S1037;,0.01635508161947013,0.9836449183805298
MAPK1,1,DLG2;S323;,0.8727653329253114,0.12723466707468853
MAPK1,1,DLG2;S328;,0.7070106039855184,0.2929893960144815
MAPK1,1,DMXL1;S574;,0.032784360428054896,0.9672156395719451
MAPK1,1,DNAJC2;T48;,0.09144425943571854,0.9085557405642815
MAPK1,1,DNAJC25;T353;,0.09726995397266325,0.9027300460273369
MAPK1,1,DOCK6;S1339;,0.01594045117126659,0.9840595488287335
MAPK1,1,DOCK7;S1361;,0.013979913323798067,0.9860200866762018
MAPK1,1,DOCK7;S2107;,0.027100666155913035,0.9728993338440871
MAPK1,1,DOPEY1;S1261;,0.00873810700490471,0.9912618929950953
MAPK1,1,DTNA;S606;,0.5212117744099631,0.47878822559003675
MAPK1,1,DUSP27;S366;,0.018407949193010958,0.981592050806989
MAPK1,1,DUSP27;S368;,0.01929235175562765,0.9807076482443722
MAPK1,1,DUSP27;S370;,0.03092816712258842,0.9690718328774115
MAPK1,1,DUSP27;S427;,0.01566784964936502,0.9843321503506349
MAPK1,1,DYNC1H1;S4365;,0.013559412866586566,0.9864405871334134
MAPK1,1,DYNC1I2;S81;,0.9300571105602792,0.06994288943972071
MAPK1,1,EEF2;T57;,0.040143312984805925,0.9598566870151942
MAPK1,1,EEF2K;S365;,0.028135488930438414,0.9718645110695616
MAPK1,1,EHBP1L1;S1363;,0.018997418857540617,0.9810025811424594
MAPK1,1,EHD4;S459;,0.6134715914451305,0.38652840855486953
MAPK1,1,EIF3A;S584;,0.009161324637427918,0.9908386753625723
MAPK1,1,EIF4B;S422;,0.025618029573582134,0.9743819704264179
MAPK1,1,EIF4B;S424;,0.028329593974162376,0.9716704060258377
MAPK1,1,EIF4B;S425;,0.063464231039961,0.936535768960039
MAPK1,1,EIF4B;T420;,0.016927338799532506,0.9830726612004675
MAPK1,1,EIF4EBP1;S64;,0.5446342433614033,0.45536575663859663
MAPK1,1,EIF4EBP2;S2;,0.028112966688577348,0.9718870333114228
MAPK1,1,EIF5B;S183;,0.013296229473516495,0.9867037705264834
MAPK1,1,ELMSAN1;S456;,0.016227987786770197,0.9837720122132299
MAPK1,1,EPS8;S659;,0.022120875715069807,0.9778791242849303
MAPK1,1,ETL4;S1844;,0.9203435108232242,0.0796564891767757
MAPK1,1,ETV3;S139;,0.22370724650756796,0.7762927534924322
MAPK1,1,FAM120C;S55;,0.8035732314765275,0.1964267685234725
MAPK1,1,FAM134C;S313;,0.028039771231518094,0.971960228768482
MAPK1,1,FAM134C;S320;,0.04300911876383948,0.9569908812361605
MAPK1,1,FAM171A2;S423;,0.014566633316040462,0.9854333666839594
MAPK1,1,FAM65A;S752;,0.06838150570167309,0.9316184942983269
MAPK1,1,FBXO30;S379;,0.6823144503665997,0.31768554963340023
MAPK1,1,FHOD1;S489;,0.05388662253709592,0.946113377462904
MAPK1,1,FHOD1;S501;,0.9055730584634094,0.09442694153659073
MAPK1,1,FHOD1;S504;,0.7814941301772855,0.21850586982271436
MAPK1,1,FHOD1;S513;,0.030470246957862733,0.9695297530421373
MAPK1,1,FHOD1;S523;,0.8014703301366136,0.19852966986338647
MAPK1,1,FLNC;S2147;,0.016078163064383554,0.9839218369356164
MAPK1,1,FLNC;S2234;,0.01659438669296642,0.9834056133070337
MAPK1,1,FMN1;S589;,0.5442357728629157,0.4557642271370844
MAPK1,1,FOSL2;S320;,0.6553722170595321,0.3446277829404679
MAPK1,1,FOSL2;T322;,0.10048781505622649,0.8995121849437735
MAPK1,1,FOXK1;S225;,0.7673899394066422,0.23261006059335768
MAPK1,1,FOXK2;T200;,0.694216479299539,0.305783520700461
MAPK1,1,FOXO3;S252;,0.013153803630800745,0.9868461963691991
MAPK1,1,FRMD8;S21;,0.013910615387345743,0.9860893846126542
MAPK1,1,FRYL;T1959;,0.01813997025943262,0.9818600297405674
MAPK1,1,GAB1;S418;,0.016747364920762113,0.9832526350792379
MAPK1,1,GAB2;S142;,0.2025337400450304,0.7974662599549697
MAPK1,1,GAB2;S143;,0.6672608427645086,0.33273915723549136
MAPK1,1,GAB2;S211;,0.02366719896605414,0.9763328010339457
MAPK1,1,GAB2;S365;,0.40035705857426246,0.5996429414257375
MAPK1,1,GAB2;T388;,0.01646056582449682,0.9835394341755032
MAPK1,1,GATAD2A;S103;,0.01593460704125764,0.9840653929587425
MAPK1,1,GATAD2A;S96;,0.021751574453583035,0.978248425546417
MAPK1,1,GATAD2B;S338;,0.7137468390202797,0.28625316097972037
MAPK1,1,GBF1;S1786;,0.9056372169805903,0.09436278301940973
MAPK1,1,GIGYF1;S28;,0.9079998159327554,0.09200018406724464
MAPK1,1,GIT2;S568;,0.06237020768748557,0.9376297923125144
MAPK1,1,GOLGA4;S116;,0.01808201004389531,0.9819179899561047
MAPK1,1,GSK3A;S21;,0.017139541135925654,0.9828604588640742
MAPK1,1,GSK3A;S41;,0.03661543571417206,0.9633845642858279
MAPK1,1,GSK3B;S9;,0.023852870602127985,0.9761471293978717
MAPK1,1,GYS1;S728;,0.892414328417635,0.10758567158236512
MAPK1,1,HBP1;S401;,0.7461730112961518,0.2538269887038481
MAPK1,1,HBS1L;S147;,0.026179220319365343,0.9738207796806349
MAPK1,1,HDAC6;S21;,0.5349254732595135,0.4650745267404865
MAPK1,1,HECTD1;S1392;,0.11759646341460588,0.8824035365853943
MAPK1,1,HECTD1;S1393;,0.08777838165582387,0.912221618344176
MAPK1,1,HECTD1;S1573;,0.019513124153130525,0.9804868758468693
MAPK1,1,HELB;S944;,0.8512628431238546,0.14873715687614528
MAPK1,1,HERC1;S1163;,0.8454919783780291,0.15450802162197091
MAPK1,1,HERC1;T1154;,0.2815450284639294,0.7184549715360705
MAPK1,1,HIRIP3;S27;,0.5147038785719832,0.4852961214280168
MAPK1,1,HN1L;S97;,0.6501230137045716,0.34987698629542835
MAPK1,1,HOMER3;S158;,0.013475152978152426,0.9865248470218476
MAPK1,1,HUWE1;S1876;,0.04359191643683902,0.956408083563161
MAPK1,1,HUWE1;S3639;,0.27951963885833675,0.7204803611416633
MAPK1,1,HUWE1;S3898;,0.8825253129368215,0.11747468706317868
MAPK1,1,HUWE1;T3903;,0.915179195399465,0.0848208046005351
MAPK1,1,IREB2;S178;,0.0459556677381496,0.9540443322618501
MAPK1,1,IRF2BPL;S69;,0.8178135166540599,0.18218648334593993
MAPK1,1,ITSN1;S1063;,0.11047084757432135,0.8895291524256785
MAPK1,1,ITSN1;S315;,0.019859132659259635,0.9801408673407406
MAPK1,1,JMY;S56;,0.01452253471814087,0.985477465281859
MAPK1,1,JSRP1;S47;,0.028665169878323973,0.9713348301216759
MAPK1,1,KANK2;S358;,0.012246157620086589,0.9877538423799136
MAPK1,1,KCTD3;S809;,0.01834517387431631,0.9816548261256837
MAPK1,1,KDM2A;S718;,0.92189636991316,0.07810363008684001
MAPK1,1,KDM2A;T713;,0.8620271297069587,0.1379728702930416
MAPK1,1,KDM5C;S316;,0.00724471589306951,0.9927552841069306
MAPK1,1,KPNA1;S2;,0.03243024664359643,0.9675697533564037
MAPK1,1,KPNA1;T3;,0.32556700106364206,0.6744329989363582
MAPK1,1,LAMTOR1;S98;,0.038419691679878715,0.9615803083201214
MAPK1,1,LARP1;S916;,0.03043478825569009,0.96956521174431
MAPK1,1,LARP1;T932;,0.7549770566752212,0.24502294332477895
MAPK1,1,LARP4B;S498;,0.009680156661809053,0.990319843338191
MAPK1,1,LDB3;S112;,0.36407126491951913,0.6359287350804809
MAPK1,1,LIMA1;S360;,0.8113771672397374,0.18862283276026234
MAPK1,1,LIMA1;S603;,0.7810247074790836,0.21897529252091638
MAPK1,1,LIMA1;S608;,0.8501751824404968,0.14982481755950317
MAPK1,1,LIMA1;S703;,0.7952831963129954,0.20471680368700484
MAPK1,1,LMNA;S404;,0.02057232311875699,0.9794276768812432
MAPK1,1,LMNA;S406;,0.015347854180827592,0.9846521458191724
MAPK1,1,LMNA;S407;,0.06936787449987274,0.9306321255001274
MAPK1,1,LMNA;S423;,0.03632376952238045,0.9636762304776197
MAPK1,1,LMNA;S424;,0.03667629225756004,0.96332370774244
MAPK1,1,LMO7;S1541;,0.008791633194007088,0.9912083668059927
MAPK1,1,LMO7;S1543;,0.008455316740297907,0.9915446832597019
MAPK1,1,LOC100360205;S239;,0.016510191083303895,0.9834898089166961
MAPK1,1,LOC100365259;S393;,0.026838286142368776,0.9731617138576311
MAPK1,1,LOC100910104;S475;,0.01069587362959938,0.9893041263704009
MAPK1,1,LOC100910104;S532;,0.03158595828042436,0.9684140417195757
MAPK1,1,LOC100910104;S719;,0.7173745179201517,0.28262548207984833
MAPK1,1,LOC100910646;S166;,0.027715653325136386,0.9722843466748634
MAPK1,1,LOC100911178;S1643;,0.41391759513046417,0.5860824048695359
MAPK1,1,LOC100911302;S1721;,0.6844312887492916,0.3155687112507084
MAPK1,1,LOC100911677;S490;,0.020046327663216994,0.9799536723367829
MAPK1,1,LOC100912115;S649;,0.8154001965409827,0.18459980345901747
MAPK1,1,LOC312502;S1164;,0.7902456553921187,0.20975434460788112
MAPK1,1,LOC312502;S138;,0.017722809303151087,0.982277190696849
MAPK1,1,LOC312502;S139;,0.01603198290093002,0.98396801709907
MAPK1,1,LOC312502;S483;,0.7112550447023466,0.2887449552976537
MAPK1,1,LOC683007;S1204;,0.7513509575755922,0.24864904242440758
MAPK1,1,LOC683007;S1207;,0.06890792841764823,0.9310920715823516
MAPK1,1,LOC684259;S780;,0.020349687892325205,0.9796503121076748
MAPK1,1,LOC685707;S1251;,0.8709211318636184,0.1290788681363816
MAPK1,1,LRRFIP2;S18;,0.02784950480935116,0.9721504951906488
MAPK1,1,LRRFIP2;T136;,0.06115756233762845,0.9388424376623715
MAPK1,1,LYSMD1;S33;,0.01767881222418923,0.9823211877758107
MAPK1,1,MACF1;S1376;,0.013478397421338993,0.986521602578661
MAPK1,1,MACF1;S5293;,0.8741021408843354,0.12589785911566465
MAPK1,1,MAF1;S60;,0.7736742059587868,0.22632579404121314
MAPK1,1,MAP1A;S1757;,0.1840645665840674,0.8159354334159328
MAPK1,1,MAP1A;T2177;,0.7095858062599457,0.2904141937400545
MAPK1,1,MAP1A;T504;,0.7743923798609631,0.22560762013903699
MAPK1,1,MAP1B;S1257;,0.8683895636867791,0.1316104363132211
MAPK1,1,MAP1B;S1389;,0.8048907336370187,0.19510926636298115
MAPK1,1,MAP1B;S1393;,0.5169156253900795,0.48308437460992054
MAPK1,1,MAP1B;T1781;,0.15659810923667064,0.8434018907633295
MAPK1,1,MAP1S;S683;,0.9258356423358193,0.07416435766418082
MAPK1,1,MAP4;S902;,0.0182967068789204,0.9817032931210795
MAPK1,1,MAP4K4;S591;,0.04955706684894784,0.9504429331510521
MAPK1,1,MAP4K4;S791;,0.02052070521221298,0.9794792947877872
MAPK1,1,MAP4K4;S794;,0.017359017169833686,0.9826409828301664
MAPK1,1,MAPK1;Y185;,0.17155683725257762,0.8284431627474222
MAPK1,1,MAPK14;Y182;,0.17815727366139708,0.821842726338603
MAPK1,1,MAPK8;Y185;,0.08994470708730137,0.9100552929126985
MAPK1,1,MARCKS;S141;,0.09749303704068973,0.9025069629593103
MAPK1,1,MARK3;S593;,0.02786491525682996,0.9721350847431699
MAPK1,1,MARK3;T594;,0.13586195092764017,0.8641380490723599
MAPK1,1,MATR3;S188;,0.007468526811137483,0.9925314731888624
MAPK1,1,MBD3;S85;,0.009722067129579676,0.9902779328704202
MAPK1,1,MBD3;S86;,0.021640097061023458,0.9783599029389766
MAPK1,1,MDM2;S138;,0.021796847433183615,0.9782031525668164
MAPK1,1,MED1;S1465;,0.5092761732548897,0.49072382674511034
MAPK1,1,MED1;S1467;,0.030862417267659065,0.969137582732341
MAPK1,1,MED1;S1468;,0.09501592384883742,0.9049840761511625
MAPK1,1,MED24;S860;,0.013403001079862973,0.9865969989201371
MAPK1,1,MED24;S861;,0.020338982858040238,0.9796610171419596
MAPK1,1,MEF2C;S226;,0.41560429371317475,0.5843957062868252
MAPK1,1,MID1;S96;,0.8425996471036268,0.15740035289637339
MAPK1,1,MKL1;S571;,0.8610715199604289,0.1389284800395714
MAPK1,1,MLL2;S2291;,0.7487731250899546,0.25122687491004525
MAPK1,1,MLLT4;S216;,0.021991065911068617,0.9780089340889315
MAPK1,1,MLLT4;S246;,0.027081688232752126,0.9729183117672477
MAPK1,1,MON2;S197;,0.014519292634495069,0.9854807073655051
MAPK1,1,MPHOSPH10;S168;,0.015301488528040108,0.9846985114719597
MAPK1,1,MPRIP;S369;,0.8313238857886904,0.1686761142113096
MAPK1,1,MTFR1L;S100;,0.028911103644838985,0.971088896355161
MAPK1,1,MTFR1L;S234;,0.017206287673136148,0.982793712326864
MAPK1,1,MTFR1L;S235;,0.018812162202370912,0.9811878377976293
MAPK1,1,MTSS1L;S575;,0.663980372519368,0.336019627480632
MAPK1,1,MURC;S20;,0.01121568378809767,0.9887843162119022
MAPK1,1,MUSK;S689;,0.0364373398351919,0.963562660164808
MAPK1,1,MUSK;S690;,0.5226355491745418,0.4773644508254581
MAPK1,1,MYBBP1A;S1283;,0.8849293275385766,0.11507067246142332
MAPK1,1,MYCBP2;S2750;,0.020420982320607975,0.979579017679392
MAPK1,1,MYOZ2;T32;,0.9056131022466196,0.09438689775338042
MAPK1,1,NACA;S1125;,0.8136024150885414,0.18639758491145875
MAPK1,1,NACA;S1345;,0.7141134197862679,0.2858865802137318
MAPK1,1,NACA;S1454;,0.8438846765120265,0.15611532348797358
MAPK1,1,NACA;S1720;,0.8190746687918742,0.18092533120812562
MAPK1,1,NACA;S914;,0.9055661454044245,0.0944338545955755
MAPK1,1,NACA;S942;,0.7369706956179113,0.263029304382089
MAPK1,1,NCAPH;S24;,0.6193232974296374,0.3806767025703624
MAPK1,1,NCOR1;S363;,0.6581062785606279,0.3418937214393721
MAPK1,1,NCOR2;S1747;,0.7432893762755208,0.25671062372447895
MAPK1,1,NDRG1;S330;,0.034516077266212475,0.9654839227337876
MAPK1,1,NDRG1;T328;,0.013684461208383953,0.9863155387916159
MAPK1,1,NDRG2;T334;,0.017230952406532246,0.9827690475934676
MAPK1,1,NEK9;S16;,0.021584732561887695,0.9784152674381124
MAPK1,1,NEK9;S736;,0.011260324771128268,0.9887396752288717
MAPK1,1,NELFE;S131;,0.025795436309616,0.9742045636903841
MAPK1,1,NES;S1071;,0.020451573851541418,0.9795484261484586
MAPK1,1,NES;S1123;,0.0255919103117164,0.9744080896882837
MAPK1,1,NES;S1131;,0.020336211865770386,0.9796637881342295
MAPK1,1,NES;S620;,0.48494696242899393,0.515053037571006
MAPK1,1,NES;S784;,0.018700910445200836,0.9812990895547992
MAPK1,1,NEXN;S280;,0.019878089857891315,0.9801219101421088
MAPK1,1,NFIX;S265;,0.10363506350564412,0.8963649364943558
MAPK1,1,NHSL1;T1376;,0.9002231267887306,0.09977687321126948
MAPK1,1,NUMA1;S1935;,0.011711716690191346,0.9882882833098087
MAPK1,1,NUMA1;S1958;,0.014969659322880146,0.9850303406771198
MAPK1,1,NUP35;S73;,0.8429806943874105,0.15701930561258956
MAPK1,1,OPTN;S188;,0.01912902301740482,0.9808709769825954
MAPK1,1,PACS2;S319;,0.7624739985958087,0.23752600140419158
MAPK1,1,PAK1;S144;,0.031057973444440213,0.9689420265555597
MAPK1,1,PAK1;S203;,0.03501424906831461,0.9649857509316854
MAPK1,1,PAK2;S197;,0.03702191208911871,0.9629780879108812
MAPK1,1,PARD3;S715;,0.014767236512114557,0.9852327634878856
MAPK1,1,PARVA;S14;,0.9272925659089846,0.07270743409101549
MAPK1,1,PATL1;S184;,0.7926041488342208,0.20739585116577922
MAPK1,1,PBXIP1;S132;,0.02282298076334211,0.9771770192366578
MAPK1,1,PBXIP1;S133;,0.44669937318475844,0.5533006268152415
MAPK1,1,PCM1;S1280;,0.027155298016049476,0.9728447019839505
MAPK1,1,PCM1;S380;,0.040465935437238414,0.9595340645627615
MAPK1,1,PCM1;S384;,0.027832160118492322,0.9721678398815076
MAPK1,1,PDAP1;S176;,0.010142064275365115,0.9898579357246349
MAPK1,1,PDAP1;S178;,0.021239508640178546,0.9787604913598215
MAPK1,1,PDCD4;S420;,0.012239253974032287,0.9877607460259676
MAPK1,1,PDCD4;S76;,0.012896980642203834,0.9871030193577961
MAPK1,1,PDLIM7;S209;,0.06852416370477533,0.9314758362952246
MAPK1,1,PDLIM7;T214;,0.23578971363279952,0.7642102863672003
MAPK1,1,PDLIM7;T215;,0.8710606226974181,0.12893937730258187
MAPK1,1,PDS5B;S1176;,0.009542863240905489,0.9904571367590943
MAPK1,1,PDXDC1;T554;,0.8300695840911629,0.1699304159088368
MAPK1,1,PELO;S55;,0.059462354798988946,0.940537645201011
MAPK1,1,PEX1;S1209;,0.010057171761800677,0.9899428282381992
MAPK1,1,PFKFB2;S469;,0.04514262416306807,0.9548573758369321
MAPK1,1,PHF1;S410;,0.7660805450029757,0.23391945499702435
MAPK1,1,PHF1;S415;,0.9055037970648394,0.09449620293516083
MAPK1,1,PHF2;S782;,0.8984140672348382,0.10158593276516163
MAPK1,1,PHIP;S1251;,0.006342964714032543,0.9936570352859674
MAPK1,1,PHLDB1;S431;,0.014170633424939594,0.9858293665750606
MAPK1,1,PHLDB1;S534;,0.05560742814053185,0.9443925718594681
MAPK1,1,PHLDB2;S241;,0.02033533446538844,0.9796646655346118
MAPK1,1,PI4K2A;S43;,0.06713284570988698,0.9328671542901128
MAPK1,1,PI4K2A;S46;,0.5116944246183268,0.48830557538167313
MAPK1,1,PI4K2A;S461;,0.01639351276213004,0.9836064872378699
MAPK1,1,PI4K2A;S50;,0.9371374602641565,0.06286253973584353
MAPK1,1,PID1;S230;,0.07732775037084606,0.9226722496291541
MAPK1,1,PID1;S231;,0.014853630079543411,0.9851463699204566
MAPK1,1,PID1;S232;,0.014197339116182366,0.9858026608838176
MAPK1,1,PID1;S242;,0.03195339677623827,0.9680466032237617
MAPK1,1,PIEZO1;S1370;,0.9056192152551262,0.09438078474487371
MAPK1,1,PIK3C2A;S261;,0.5573385357632012,0.44266146423679875
MAPK1,1,PLEC;S4246;,0.055136072375911484,0.9448639276240884
MAPK1,1,PLEC;S4249;,0.09859591485649158,0.9014040851435086
MAPK1,1,PNISR;S290;,0.026893453128446283,0.9731065468715538
MAPK1,1,POM121;S370;,0.13860176344479538,0.861398236555205
MAPK1,1,PPAN;S233;,0.017376625363004945,0.9826233746369949
MAPK1,1,PPAN;S238;,0.022554628301186933,0.9774453716988132
MAPK1,1,PPAN;S240;,0.017792130781160986,0.9822078692188392
MAPK1,1,PPP1R12C;S508;,0.8315907270201607,0.16840927297983926
MAPK1,1,PPP1R13L;S110;,0.9095658839766267,0.09043411602337308
MAPK1,1,PPP1R13L;S154;,0.6550357064528893,0.34496429354711067
MAPK1,1,PPP1R13L;S360;,0.907005384487945,0.09299461551205511
MAPK1,1,PPP6R2;S629;,0.8593966005115292,0.14060339948847086
MAPK1,1,PPP6R2;S719;,0.781980380458597,0.2180196195414029
MAPK1,1,PRKAA1;S496;,0.014287554208070109,0.9857124457919296
MAPK1,1,PRKAB1;S108;,0.01717803802757106,0.9828219619724287
MAPK1,1,PRRC2A;S765;,0.05298735278871875,0.947012647211281
MAPK1,1,PRRC2B;S259;,0.04163894557424669,0.9583610544257533
MAPK1,1,PSMA5;T55;,0.05642379817598227,0.9435762018240176
MAPK1,1,PSMC3;S12;,0.718782723357429,0.28121727664257085
MAPK1,1,PSMC3;S9;,0.7871227012989163,0.21287729870108343
MAPK1,1,PTPN12;T544;,0.042657954514482774,0.957342045485517
MAPK1,1,PTPN21;S599;,0.018168852390436866,0.9818311476095632
MAPK1,1,PTPN21;S762;,0.07688711425575526,0.9231128857442447
MAPK1,1,PTRF;S169;,0.05421008998479948,0.9457899100152005
MAPK1,1,PTRF;S171;,0.05301832586632282,0.9469816741336772
MAPK1,1,PUM2;S82;,0.7528574585892287,0.24714254141077124
MAPK1,1,PXN;S106;,0.027730513103460256,0.9722694868965398
MAPK1,1,PXN;S137;,0.07008202331436948,0.9299179766856307
MAPK1,1,PXN;S83;,0.8550212643024669,0.144978735697533
MAPK1,1,RABGEF1;T142;,0.07982546229650471,0.9201745377034951
MAPK1,1,RAF1;S295;,0.1564789590207423,0.8435210409792577
MAPK1,1,RAF1;S296;,0.6459483578250178,0.35405164217498225
MAPK1,1,RAI14;T249;,0.7281051474698762,0.2718948525301238
MAPK1,1,RANBP10;S481;,0.03176470333877795,0.9682352966612221
MAPK1,1,RANBP3;S58;,0.016797496661170475,0.9832025033388297
MAPK1,1,RAPGEF1;S306;,0.03205845531785834,0.9679415446821416
MAPK1,1,RAPGEF1;S308;,0.02258261811380702,0.9774173818861929
MAPK1,1,RAVER1;S576;,0.37148285291213634,0.6285171470878638
MAPK1,1,RB1CC1;S243;,0.6987416261139755,0.3012583738860245
MAPK1,1,RBM3;S145;,0.01908203830378913,0.980917961696211
MAPK1,1,RBM7;S72;,0.007080712725247159,0.9929192872747528
MAPK1,1,RFX7;S1177;,0.011933282520350393,0.9880667174796495
MAPK1,1,RGD1307838;S900;,0.008491244308834562,0.9915087556911654
MAPK1,1,RGD1307838;S903;,0.015582838331339695,0.9844171616686602
MAPK1,1,RGD1308297;S518;,0.10842230858786478,0.8915776914121353
MAPK1,1,RGD1309586;S243;,0.02070811046067673,0.9792918895393234
MAPK1,1,RGD1309586;S59;,0.014154289653701031,0.985845710346299
MAPK1,1,RGD1310016;S1171;,0.03033625995239187,0.969663740047608
MAPK1,1,RGD1311783;S45;,0.01999364480635792,0.9800063551936421
MAPK1,1,RGD1311783;S46;,0.01908277686727694,0.9809172231327232
MAPK1,1,RGD1560225;S763;,0.43293517838699586,0.5670648216130042
MAPK1,1,RGD1561609;S759;,0.022697100682333625,0.9773028993176663
MAPK1,1,RGD1562639;S1035;,0.008101542754572165,0.9918984572454278
MAPK1,1,RGD1566017;S802;,0.0203422742599633,0.979657725740037
MAPK1,1,RIN2;S494;,0.029057320358856026,0.970942679641144
MAPK1,1,RIPK2;S412;,0.02672939527319587,0.9732706047268042
MAPK1,1,RNF40;S586;,0.017623972575498265,0.9823760274245017
MAPK1,1,RPS6KA3;S715;,0.2603835196055356,0.7396164803944645
MAPK1,1,RPS6KA4;S681;,0.04180018467454365,0.9581998153254565
MAPK1,1,RPS6KA4;S682;,0.274578394200473,0.7254216057995274
MAPK1,1,RPS6KB1;S404;,0.06627253443588213,0.933727465564118
MAPK1,1,RPTOR;S863;,0.8434925357898044,0.15650746421019554
MAPK1,1,RRP1B;S524;,0.6108793300743335,0.38912066992566663
MAPK1,1,RRP1B;T521;,0.5449346227184837,0.45506537728151636
MAPK1,1,RTF1;S416;,0.018922313833814677,0.9810776861661853
MAPK1,1,RUFY1;S50;,0.42906992595744625,0.5709300740425537
MAPK1,1,RUNX1T1;T568;,0.6661400363861315,0.3338599636138685
MAPK1,1,SAMD4B;S271;,0.9383602810081849,0.06163971899181497
MAPK1,1,SAP30L;T91;,0.03782652894147064,0.9621734710585295
MAPK1,1,SBF1;S1141;,0.0310897558321158,0.9689102441678842
MAPK1,1,SCRIB;S1315;,0.7876473203193018,0.21235267968069801
MAPK1,1,SCRIB;S1529;,0.03244694296680489,0.9675530570331952
MAPK1,1,SENP7;S47;,0.8275857549322635,0.17241424506773653
MAPK1,1,SETD2;S511;,0.7479948819854794,0.2520051180145207
MAPK1,1,SF3B1;T326;,0.0514951739245091,0.948504826075491
MAPK1,1,SFPQ;T586;,0.5767373382856333,0.4232626617143667
MAPK1,1,SGTA;S306;,0.012733234736914347,0.9872667652630854
MAPK1,1,SGTA;S308;,0.022931651097476274,0.9770683489025235
MAPK1,1,SH3BP5;S420;,0.02842794778538267,0.9715720522146174
MAPK1,1,SH3D19;S274;,0.8306946879236415,0.16930531207635846
MAPK1,1,SH3PXD2A;S368;,0.018077223369476644,0.9819227766305234
MAPK1,1,SH3PXD2A;S495;,0.40000495293444815,0.5999950470655517
MAPK1,1,SH3PXD2A;S956;,0.008655947034676207,0.9913440529653238
MAPK1,1,SHC3;S359;,0.7043712897149063,0.2956287102850936
MAPK1,1,SIK2;S673;,0.045043715680474154,0.9549562843195258
MAPK1,1,SIPA1L1;S1408;,0.01862807322213461,0.9813719267778654
MAPK1,1,SIPA1L1;S1411;,0.01724276113480503,0.982757238865195
MAPK1,1,SIPA1L1;S288;,0.02161365806429119,0.9783863419357087
MAPK1,1,SLC2A13;S38;,0.019539474012442427,0.9804605259875576
MAPK1,1,SLC2A13;S44;,0.018573401284835728,0.9814265987151644
MAPK1,1,SLC2A13;S47;,0.018821070594504052,0.9811789294054958
MAPK1,1,SLC4A7;S1171;,0.017575976271273115,0.9824240237287271
MAPK1,1,SLC4A7;S263;,0.017328155971504562,0.9826718440284955
MAPK1,1,SLK;S778;,0.018581884599067552,0.9814181154009325
MAPK1,1,SMCR7L;S59;,0.8933421117606216,0.10665788823937837
MAPK1,1,SMCR8;S416;,0.0482652204009099,0.9517347795990903
MAPK1,1,SMCR8;S486;,0.01906067049319279,0.9809393295068071
MAPK1,1,SMCR8;S488;,0.025467620014146517,0.9745323799858535
MAPK1,1,SMCR8;S491;,0.018091317357778865,0.9819086826422209
MAPK1,1,SMCR8;S497;,0.028065022944063614,0.9719349770559365
MAPK1,1,SMG6;S537;,0.7208890675779108,0.2791109324220893
MAPK1,1,SNW1;S224;,0.023893761616387246,0.9761062383836125
MAPK1,1,SNX8;S454;,0.8115199115796896,0.18848008842031053
MAPK1,1,SON;S94;,0.012974655289289705,0.9870253447107102
MAPK1,1,SORBS1;S857;,0.6373498015090655,0.36265019849093455
MAPK1,1,SOS1;S1120;,0.032145014606694014,0.9678549853933059
MAPK1,1,SOX6;S399;,0.8407969370915895,0.15920306290841033
MAPK1,1,SOX6;S402;,0.8607030050567732,0.13929699494322684
MAPK1,1,SOX6;T401;,0.07464875511915287,0.9253512448808473
MAPK1,1,SPAG7;S219;,0.017921237104225076,0.9820787628957749
MAPK1,1,SPAG9;S203;,0.02724909934320144,0.9727509006567985
MAPK1,1,SPAG9;S716;,0.017313181016130608,0.9826868189838694
MAPK1,1,SPHK2;S379;,0.021965975656142642,0.9780340243438572
MAPK1,1,SRPK2;S487;,0.013728156889648024,0.9862718431103521
MAPK1,1,SRRM2;S2228;,0.40957241146710804,0.590427588532892
MAPK1,1,SRRM2;S2338;,0.6313735206835405,0.36862647931645964
MAPK1,1,SRSF10;S131;,0.03142538529194923,0.9685746147080507
MAPK1,1,SRSF11;S200;,0.570135480693558,0.429864519306442
MAPK1,1,STARD13;S334;,0.650676685253523,0.34932331474647704
MAPK1,1,STAT3;S727;,0.6979773860769627,0.3020226139230373
MAPK1,1,STIM1;S257;,0.02058999034871023,0.9794100096512898
MAPK1,1,STIM1;S523;,0.021078619893655347,0.9789213801063447
MAPK1,1,STIM1;S524;,0.016865137176029374,0.9831348628239706
MAPK1,1,STIM2;S675;,0.01835580771788595,0.9816441922821141
MAPK1,1,STK11IP;S443;,0.592326906755379,0.40767309324462103
MAPK1,1,STK3;S385;,0.42390483882761126,0.5760951611723888
MAPK1,1,STMN1;S16;,0.019016056133346546,0.9809839438666536
MAPK1,1,STMN1;S25;,0.7309794040753983,0.26902059592460154
MAPK1,1,STMN1;S38;,0.9000880358732354,0.0999119641267648
MAPK1,1,STRN3;S227;,0.3804370427401325,0.6195629572598673
MAPK1,1,SUN2;S12;,0.02323452933134657,0.9767654706686534
MAPK1,1,SVIL;S1177;,0.41047797605021163,0.5895220239497883
MAPK1,1,SVIL;S259;,0.010577473355693983,0.9894225266443063
MAPK1,1,SVIL;S531;,0.24175580483442946,0.7582441951655705
MAPK1,1,SYNPO2L;S401;,0.014166137644997337,0.9858338623550029
MAPK1,1,SYNPO2L;T141;,0.04759625355254768,0.9524037464474523
MAPK1,1,SZT2;S1641;,0.02315483726336158,0.9768451627366384
MAPK1,1,TACC2;S575;,0.8989767250443808,0.10102327495561926
MAPK1,1,TANC2;S1447;,0.0576914936971824,0.9423085063028177
MAPK1,1,TBC1D1;S231;,0.022053213156703073,0.9779467868432968
MAPK1,1,TBC1D1;S662;,0.019871806147578653,0.9801281938524214
MAPK1,1,TBC1D1;T590;,0.018482458738991975,0.981517541261008
MAPK1,1,TBC1D16;S382;,0.02133096428939829,0.9786690357106016
MAPK1,1,TCF12;S583;,0.010729302178451281,0.9892706978215486
MAPK1,1,TDRD3;S256;,0.00813957175784738,0.9918604282421525
MAPK1,1,TENC1;T996;,0.19026569613058542,0.8097343038694144
MAPK1,1,TFE3;S531;,0.04700986119634145,0.9529901388036588
MAPK1,1,TJP1;S1602;,0.7378516084192385,0.2621483915807616
MAPK1,1,TJP1;S1604;,0.024536829963353077,0.9754631700366471
MAPK1,1,TJP2;S147;,0.03883630291828653,0.9611636970817136
MAPK1,1,TMEM245;S327;,0.8708861918082443,0.12911380819175558
MAPK1,1,TMEM55A;S14;,0.02270032096765623,0.9772996790323438
MAPK1,1,TNKS1BP1;S1642;,0.01537336880439124,0.9846266311956087
MAPK1,1,TNRC6B;S306;,0.6905885801586282,0.3094114198413718
MAPK1,1,TNRC6B;S421;,0.664961844281096,0.3350381557189041
MAPK1,1,TRAK1;S390;,0.5954181259288459,0.40458187407115415
MAPK1,1,TRAK1;S905;,0.028021506160196833,0.9719784938398034
MAPK1,1,TRAPPC12;S314;,0.7023838998223215,0.29761610017767837
MAPK1,1,TRIM28;S474;,0.02101986852406592,0.9789801314759342
MAPK1,1,TRIO;S2459;,0.7024818143587112,0.29751818564128873
MAPK1,1,TRIO;S2463;,0.8530540854529599,0.14694591454704012
MAPK1,1,TRIP12;T1454;,0.029997605756677127,0.9700023942433228
MAPK1,1,TSC2;S939;,0.01894616813128377,0.9810538318687163
MAPK1,1,TSSC4;S190;,0.6542054548620789,0.34579454513792107
MAPK1,1,TTN;S305;,0.01766492057714382,0.9823350794228562
MAPK1,1,UBA1;S13;,0.021684118769307318,0.9783158812306928
MAPK1,1,UBA5;S380;,0.011224740795200451,0.9887752592047998
MAPK1,1,UBE2O;S835;,0.8532706370982651,0.14672936290173474
MAPK1,1,UBE2O;T830;,0.07232005499659802,0.9276799450034021
MAPK1,1,UBE4B;S88;,0.6068261560521788,0.3931738439478211
MAPK1,1,ULK1;S450;,0.31261040635797277,0.6873895936420272
MAPK1,1,ULK1;S465;,0.01725096524440808,0.9827490347555919
MAPK1,1,ULK1;S477;,0.7471093240215088,0.2528906759784916
MAPK1,1,ULK1;S479;,0.5581097761416406,0.44189022385835935
MAPK1,1,ULK1;S637;,0.01856899726779879,0.9814310027322014
MAPK1,1,ULK1;T468;,0.0395978065198508,0.9604021934801491
MAPK1,1,ULK1;T659;,0.02616900492396785,0.9738309950760322
MAPK1,1,USP10;S224;,0.8869655481411675,0.1130344518588327
MAPK1,1,VAPA;S164;,0.020431281649400303,0.9795687183505997
MAPK1,1,VIM;S420;,0.01883730898894694,0.9811626910110529
MAPK1,1,VIM;S430;,0.024953481454636106,0.9750465185453637
MAPK1,1,VIM;T426;,0.020402419647352746,0.9795975803526473
MAPK1,1,VPS26B;S304;,0.020033209140015894,0.9799667908599841
MAPK1,1,WIPF2;S235;,0.721058561308966,0.27894143869103405
MAPK1,1,WNK1;S165;,0.026514542461520123,0.9734854575384799
MAPK1,1,WWC3;S955;,0.013476576815522844,0.9865234231844772
MAPK1,1,YAP1;S46;,0.02708831194170178,0.9729116880582985
MAPK1,1,ZC3H13;S368;,0.01909518369564054,0.9809048163043596
MAPK1,1,ZC3HAV1;S307;,0.785208674067429,0.21479132593257103
MAPK1,1,ZC3HAV1;S325;,0.028278831750332377,0.9717211682496674
MAPK1,1,ZC3HAV1;S544;,0.4677406196334146,0.5322593803665855
MAPK1,1,ZC3HC1;S343;,0.8014721609822459,0.198527839017754
MAPK1,1,ZC3HC1;T351;,0.14024302975006867,0.8597569702499311
MAPK1,1,ZFP295;S411;,0.010953156628021305,0.9890468433719788
MAPK1,1,ZFYVE16;S903;,0.07498293694639363,0.9250170630536065
MAPK1,1,ZNRF2;S148;,0.03382327033316247,0.9661767296668375
MAPK1,1,ZNRF2;S154;,0.672522705498907,0.327477294501093
MAPK1,1,ZNRF2;S18;,0.02162275853176537,0.9783772414682345
MAPK1,1,ZNRF2;S81;,0.05002027358794604,0.9499797264120537
MAPK1,1,ZYX;S143;,0.02595446111388679,0.9740455388861131
MAPK1,1,ZYX;S144;,0.02377939094614909,0.9762206090538509
MAPK1,1,ZYX;S336;,0.5774977752982119,0.42250222470178805
MAPK1,1,ZZEF1;S1516;,0.8430835670782191,0.15691643292178087
MAPK1,1,ZZEF1;S1535;,0.017665581323093135,0.982334418676907
