kinase,ensemble,iteration,site,label,prob_class_1,prob_class_2
MAPK1,1,1,DYNC1I2;S81;,1,0.9356003710568388,0.06439962894316144
MAPK1,1,1,HUWE1;S3898;,1,0.841052391915029,0.15894760808497077
MAPK1,1,1,GBF1;S1786;,1,0.9031528456238539,0.09684715437614606
MAPK1,1,1,PARVA;S14;,1,0.8797222792960603,0.12027772070393992
MAPK1,1,1,BCL9L;S25;,1,0.914809759328009,0.08519024067199099
MAPK1,1,1,TMEM245;S327;,1,0.8429763035434129,0.1570236964565872
MAPK1,1,1,MAP1S;S683;,1,0.9078549407978733,0.09214505920212658
MAPK1,1,1,CEP68;S510;,1,0.8389323283097556,0.16106767169024444
MAPK1,1,1,MYOZ2;T32;,1,0.8431529254142763,0.15684707458572356
MAPK1,1,1,PI4K2A;S50;,1,0.9179455136749045,0.08205448632509539
MAPK1,1,1,HUWE1;T3903;,1,0.8846277907484787,0.11537220925152135
MAPK1,1,1,SAMD4B;S271;,1,0.9197405090844719,0.08025949091552813
MAPK1,1,1,TACC2;S575;,1,0.8867761243421843,0.11322387565781547
MAPK1,1,1,DLG2;S323;,1,0.8519683573126581,0.14803164268734173
MAPK1,1,1,PPP1R13L;S360;,1,0.8430914040900617,0.1569085959099386
MAPK1,1,1,BRD8;S274;,1,0.8431037531012769,0.1568962468987229
MAPK1,1,1,AKAP2;S152;,1,0.8128467958071592,0.18715320419284107
MAPK1,1,1,ETL4;S1844;,1,0.893093630243862,0.10690636975613806
MAPK1,1,1,KDM2A;S718;,1,0.8677598663079708,0.1322401336920291
MAPK1,1,1,NACA;S914;,1,0.8406618779103389,0.15933812208966092
MAPK1,1,1,LIMA1;S608;,1,0.7815139423721391,0.21848605762786097
MAPK1,1,1,PPP1R13L;S110;,1,0.8837210052791798,0.11627899472082018
MAPK1,1,1,GIGYF1;S28;,1,0.8719689581720256,0.12803104182797442
MAPK1,1,1,FHOD1;S501;,1,0.8436859246092415,0.15631407539075842
MAPK1,1,1,LOC685707;S1251;,1,0.8431104685465408,0.15688953145345946
MAPK1,1,1,ATXN2L;S447;,1,0.8148191228765498,0.1851808771234501
MAPK1,1,1,PDXDC1;T554;,1,0.8083454193092352,0.1916545806907646
MAPK1,1,1,NHSL1;T1376;,1,0.8430711404231509,0.15692885957684904
MAPK1,1,1,PHF1;S415;,1,0.7842178401798412,0.2157821598201588
MAPK1,1,1,PIEZO1;S1370;,1,0.8430445554558278,0.15695544454417223
MAPK1,1,1,ABI2;S165;,2,0.003321973773334519,0.9966780262266656
MAPK1,1,1,DUSP27;S368;,2,0.0033218243894388246,0.9966781756105609
MAPK1,1,1,FRYL;T1959;,2,0.006848675815106124,0.993151324184894
MAPK1,1,1,TBC1D1;T590;,2,0.007523581510126589,0.9924764184898734
MAPK1,1,1,LMNA;S407;,2,0.007520099330907589,0.9924799006690925
MAPK1,1,1,LARP1;S916;,2,0.007524802184206111,0.9924751978157939
MAPK1,1,1,RPTOR;S863;,2,0.6689078791657926,0.3310921208342073
MAPK1,1,1,ZNRF2;S154;,2,0.3749432512836355,0.6250567487163646
MAPK1,1,1,SH3PXD2A;S956;,2,0.003645784950906141,0.996354215049094
MAPK1,1,1,PSMC3;S12;,2,0.482926375233447,0.5170736247665529
MAPK1,1,1,NES;S1131;,2,0.00722815732601662,0.9927718426739833
MAPK1,1,1,PHLDB2;S241;,2,0.006654492547307088,0.9933455074526929
MAPK1,1,1,EIF3A;S584;,2,9.339796511900319e-06,0.999990660203488
MAPK1,1,1,AKAP1;S103;,2,0.007519232741953108,0.9924807672580468
MAPK1,1,1,PRRC2A;S765;,2,0.007515297038374829,0.992484702961625
MAPK1,1,1,TNRC6B;S421;,2,0.35383601753156174,0.6461639824684383
MAPK1,1,1,GYS1;S728;,2,0.8190627769310063,0.18093722306899374
MAPK1,1,1,LOC684259;S780;,2,0.007519232481954449,0.9924807675180457
MAPK1,1,1,RGD1566017;S802;,2,0.0037168431892019445,0.9962831568107982
MAPK1,1,1,AHNAK;S1191;,2,0.007518030786964122,0.9924819692130358
MAPK1,1,1,RPS6KA4;S681;,2,0.007515430271140627,0.9924845697288595
MAPK1,1,1,PATL1;S184;,2,0.6282451525971362,0.3717548474028639
MAPK1,1,1,SGTA;S306;,2,0.002573855139130746,0.9974261448608691
MAPK1,1,1,ACACA;S79;,2,0.006945062315485082,0.9930549376845148
MAPK1,1,1,SHC3;S359;,2,0.2579349900315956,0.7420650099684046
MAPK1,1,1,CBX5;S93;,2,0.005393492031726999,0.9946065079682731
MAPK1,1,1,MED24;S861;,2,0.0055028832466549795,0.994497116753345
MAPK1,1,1,TJP1;S1602;,2,0.52530163907818,0.47469836092182016
MAPK1,1,1,ELMSAN1;S456;,2,0.005584216100132951,0.9944157838998671
MAPK1,1,1,MPHOSPH10;S168;,2,0.00473377833461063,0.9952662216653894
MAPK1,1,2,DYNC1I2;S81;,1,0.9643710485229477,0.03562895147705219
MAPK1,1,2,HUWE1;S3898;,1,0.82797315478085,0.17202684521915007
MAPK1,1,2,GBF1;S1786;,1,0.934455240372498,0.06554475962750178
MAPK1,1,2,PARVA;S14;,1,0.8893070547023977,0.11069294529760218
MAPK1,1,2,BCL9L;S25;,1,0.9574202847952343,0.04257971520476578
MAPK1,1,2,TMEM245;S327;,1,0.9082336767331165,0.09176632326688346
MAPK1,1,2,MAP1S;S683;,1,0.9240218641306694,0.0759781358693305
MAPK1,1,2,CEP68;S510;,1,0.7945030639757475,0.20549693602425229
MAPK1,1,2,MYOZ2;T32;,1,0.8089333679310612,0.19106663206893887
MAPK1,1,2,PI4K2A;S50;,1,0.9314094517854747,0.06859054821452534
MAPK1,1,2,HUWE1;T3903;,1,0.8889247112630785,0.1110752887369217
MAPK1,1,2,SAMD4B;S271;,1,0.9628259675753942,0.03717403242460593
MAPK1,1,2,TACC2;S575;,1,0.9266718957273865,0.07332810427261349
MAPK1,1,2,DLG2;S323;,1,0.7970731583135326,0.20292684168646755
MAPK1,1,2,PPP1R13L;S360;,1,0.8187375737964767,0.18126242620352323
MAPK1,1,2,BRD8;S274;,1,0.8348670063809561,0.16513299361904385
MAPK1,1,2,AKAP2;S152;,1,0.7650813679432787,0.23491863205672106
MAPK1,1,2,ETL4;S1844;,1,0.9466441923459202,0.053355807654079705
MAPK1,1,2,KDM2A;S718;,1,0.9082126039894872,0.09178739601051275
MAPK1,1,2,NACA;S914;,1,0.8438016801586815,0.15619831984131846
MAPK1,1,2,LIMA1;S608;,1,0.7909921232964319,0.20900787670356819
MAPK1,1,2,PPP1R13L;S110;,1,0.9386675668724356,0.06133243312756437
MAPK1,1,2,GIGYF1;S28;,1,0.9229920515365624,0.07700794846343757
MAPK1,1,2,FHOD1;S501;,1,0.9083423560660472,0.0916576439339526
MAPK1,1,2,LOC685707;S1251;,1,0.8979045215913164,0.10209547840868381
MAPK1,1,2,ATXN2L;S447;,1,0.808807656077806,0.1911923439221938
MAPK1,1,2,PDXDC1;T554;,1,0.9083842767874359,0.09161572321256405
MAPK1,1,2,NHSL1;T1376;,1,0.8447077063053835,0.15529229369461636
MAPK1,1,2,PHF1;S415;,1,0.7392572285563657,0.26074277144363456
MAPK1,1,2,PIEZO1;S1370;,1,0.9081277252203864,0.09187227477961363
MAPK1,1,2,ABI2;S165;,2,4.006516280128802e-06,0.9999959934837199
MAPK1,1,2,DUSP27;S368;,2,2.154847930295915e-06,0.9999978451520698
MAPK1,1,2,FRYL;T1959;,2,1.5775981034899967e-05,0.999984224018965
MAPK1,1,2,TBC1D1;T590;,2,1.4499108741266073e-05,0.9999855008912587
MAPK1,1,2,LMNA;S407;,2,1.4470557954445814e-05,0.9999855294420456
MAPK1,1,2,LARP1;S916;,2,1.4462361044018314e-05,0.9999855376389559
MAPK1,1,2,RPTOR;S863;,2,0.47501450114101557,0.5249854988589843
MAPK1,1,2,ZNRF2;S154;,2,0.2237743180213115,0.7762256819786885
MAPK1,1,2,SH3PXD2A;S956;,2,1.4170075910727536e-05,0.9999858299240894
MAPK1,1,2,PSMC3;S12;,2,0.40910236855907295,0.5908976314409271
MAPK1,1,2,NES;S1131;,2,0.005505665991794953,0.9944943340082049
MAPK1,1,2,PHLDB2;S241;,2,1.4452786631681346e-05,0.9999855472133684
MAPK1,1,2,EIF3A;S584;,2,1.1993962919077185e-06,0.999998800603708
MAPK1,1,2,AKAP1;S103;,2,1.4539859312856743e-05,0.9999854601406871
MAPK1,1,2,PRRC2A;S765;,2,0.0027145115620739063,0.9972854884379263
MAPK1,1,2,TNRC6B;S421;,2,0.1926439027875185,0.8073560972124816
MAPK1,1,2,GYS1;S728;,2,0.9096884356331382,0.09031156436686198
MAPK1,1,2,LOC684259;S780;,2,0.01155183707815715,0.9884481629218428
MAPK1,1,2,RGD1566017;S802;,2,7.859979105087864e-06,0.9999921400208949
MAPK1,1,2,AHNAK;S1191;,2,1.4491060417488125e-05,0.9999855089395825
MAPK1,1,2,RPS6KA4;S681;,2,1.4503014662831243e-05,0.9999854969853371
MAPK1,1,2,PATL1;S184;,2,0.6203256449439237,0.37967435505607616
MAPK1,1,2,SGTA;S306;,2,1.410434749083242e-06,0.9999985895652509
MAPK1,1,2,ACACA;S79;,2,1.445126114524025e-05,0.9999855487388548
MAPK1,1,2,SHC3;S359;,2,0.0966691117497268,0.9033308882502731
MAPK1,1,2,CBX5;S93;,2,1.0689817509442527e-05,0.9999893101824906
MAPK1,1,2,MED24;S861;,2,8.205160424671494e-06,0.9999917948395753
MAPK1,1,2,TJP1;S1602;,2,0.2721737644587005,0.7278262355412997
MAPK1,1,2,ELMSAN1;S456;,2,1.438739800997349e-05,0.99998561260199
MAPK1,1,2,MPHOSPH10;S168;,2,1.2913129008803072e-05,0.9999870868709912
MAPK1,1,3,DYNC1I2;S81;,1,0.9611309858238293,0.038869014176170814
MAPK1,1,3,HUWE1;S3898;,1,0.8842737366315517,0.1157262633684486
MAPK1,1,3,GBF1;S1786;,1,0.9206483987598835,0.07935160124011648
MAPK1,1,3,PARVA;S14;,1,0.9031522334860194,0.09684776651398047
MAPK1,1,3,BCL9L;S25;,1,0.9559457942989126,0.0440542057010874
MAPK1,1,3,TMEM245;S327;,1,0.908250976001315,0.09174902399868494
MAPK1,1,3,MAP1S;S683;,1,0.9312510787335189,0.06874892126648106
MAPK1,1,3,CEP68;S510;,1,0.9082170490329463,0.09178295096705388
MAPK1,1,3,MYOZ2;T32;,1,0.9083413539365723,0.09165864606342772
MAPK1,1,3,PI4K2A;S50;,1,0.9576004489516878,0.0423995510483121
MAPK1,1,3,HUWE1;T3903;,1,0.9470078132606277,0.05299218673937228
MAPK1,1,3,SAMD4B;S271;,1,0.9542969788746346,0.04570302112536544
MAPK1,1,3,TACC2;S575;,1,0.9107187786173129,0.08928122138268704
MAPK1,1,3,DLG2;S323;,1,0.9199592189119487,0.08004078108805125
MAPK1,1,3,PPP1R13L;S360;,1,0.906068005325574,0.09393199467442594
MAPK1,1,3,BRD8;S274;,1,0.9083413862591514,0.09165861374084862
MAPK1,1,3,AKAP2;S152;,1,0.787139905442188,0.212860094557812
MAPK1,1,3,ETL4;S1844;,1,0.9083081982080357,0.09169180179196437
MAPK1,1,3,KDM2A;S718;,1,0.9089291413561812,0.09107085864381903
MAPK1,1,3,NACA;S914;,1,0.9081984041368989,0.09180159586310122
MAPK1,1,3,LIMA1;S608;,1,0.8863867512478745,0.11361324875212539
MAPK1,1,3,PPP1R13L;S110;,1,0.9406397549144999,0.05936024508549998
MAPK1,1,3,GIGYF1;S28;,1,0.932549065488937,0.06745093451106292
MAPK1,1,3,FHOD1;S501;,1,0.889118229659494,0.11088177034050586
MAPK1,1,3,LOC685707;S1251;,1,0.9231962349433602,0.0768037650566396
MAPK1,1,3,ATXN2L;S447;,1,0.8915564906133085,0.10844350938669123
MAPK1,1,3,PDXDC1;T554;,1,0.9084459785574799,0.09155402144252031
MAPK1,1,3,NHSL1;T1376;,1,0.9083009598207522,0.09169904017924776
MAPK1,1,3,PHF1;S415;,1,0.8600138870802507,0.13998611291974947
MAPK1,1,3,PIEZO1;S1370;,1,0.9081781296488637,0.09182187035113652
MAPK1,1,3,ABI2;S165;,2,0.0037381875596452048,0.9962618124403547
MAPK1,1,3,DUSP27;S368;,2,0.005054069422447803,0.9949459305775523
MAPK1,1,3,FRYL;T1959;,2,0.0086604698297916,0.9913395301702086
MAPK1,1,3,TBC1D1;T590;,2,0.008738127719737494,0.9912618722802624
MAPK1,1,3,LMNA;S407;,2,0.009772847314078568,0.9902271526859214
MAPK1,1,3,LARP1;S916;,2,0.011850830728947541,0.9881491692710522
MAPK1,1,3,RPTOR;S863;,2,0.8580949187343513,0.14190508126564882
MAPK1,1,3,ZNRF2;S154;,2,0.49168123494724103,0.508318765052759
MAPK1,1,3,SH3PXD2A;S956;,2,0.003929582569827853,0.9960704174301721
MAPK1,1,3,PSMC3;S12;,2,0.6669740122433222,0.3330259877566779
MAPK1,1,3,NES;S1131;,2,0.021202453696172092,0.9787975463038279
MAPK1,1,3,PHLDB2;S241;,2,0.008730953205779763,0.9912690467942201
MAPK1,1,3,EIF3A;S584;,2,1.4385984360974695e-05,0.999985614015639
MAPK1,1,3,AKAP1;S103;,2,0.03174612533916687,0.9682538746608332
MAPK1,1,3,PRRC2A;S765;,2,0.013163287314657778,0.9868367126853422
MAPK1,1,3,TNRC6B;S421;,2,0.5781461934234459,0.42185380657655397
MAPK1,1,3,GYS1;S728;,2,0.9091576056116654,0.09084239438833452
MAPK1,1,3,LOC684259;S780;,2,0.031397809434919814,0.96860219056508
MAPK1,1,3,RGD1566017;S802;,2,0.006330622630399004,0.9936693773696009
MAPK1,1,3,AHNAK;S1191;,2,0.008723612727909634,0.9912763872720904
MAPK1,1,3,RPS6KA4;S681;,2,0.008736698518651125,0.9912633014813488
MAPK1,1,3,PATL1;S184;,2,0.8615578066630821,0.1384421933369178
MAPK1,1,3,SGTA;S306;,2,0.0035852444061078405,0.9964147555938921
MAPK1,1,3,ACACA;S79;,2,0.017359261566855366,0.9826407384331447
MAPK1,1,3,SHC3;S359;,2,0.3581652708277633,0.6418347291722368
MAPK1,1,3,CBX5;S93;,2,0.00794849517882366,0.9920515048211763
MAPK1,1,3,MED24;S861;,2,0.00872322490552464,0.9912767750944751
MAPK1,1,3,TJP1;S1602;,2,0.7341307525147086,0.26586924748529145
MAPK1,1,3,ELMSAN1;S456;,2,0.007909080123725936,0.9920909198762743
MAPK1,1,3,MPHOSPH10;S168;,2,0.008736666203072918,0.991263333796927
MAPK1,1,4,DYNC1I2;S81;,1,0.9754408400003398,0.024559159999660216
MAPK1,1,4,HUWE1;S3898;,1,0.9450995460673461,0.05490045393265383
MAPK1,1,4,GBF1;S1786;,1,0.9551294879267472,0.044870512073252794
MAPK1,1,4,PARVA;S14;,1,0.9586048236589215,0.041395176341078435
MAPK1,1,4,BCL9L;S25;,1,0.9619115523817837,0.038088447618216295
MAPK1,1,4,TMEM245;S327;,1,0.9450583903919566,0.05494160960804347
MAPK1,1,4,MAP1S;S683;,1,0.9652810370579914,0.034718962942008755
MAPK1,1,4,CEP68;S510;,1,0.9384619029734559,0.06153809702654424
MAPK1,1,4,MYOZ2;T32;,1,0.9450429933966111,0.05495700660338887
MAPK1,1,4,PI4K2A;S50;,1,0.9712080101005452,0.028791989899454754
MAPK1,1,4,HUWE1;T3903;,1,0.955869189606008,0.044130810393992
MAPK1,1,4,SAMD4B;S271;,1,0.9714066568162737,0.02859334318372635
MAPK1,1,4,TACC2;S575;,1,0.9451558162755546,0.0548441837244454
MAPK1,1,4,DLG2;S323;,1,0.9458774646771151,0.05412253532288487
MAPK1,1,4,PPP1R13L;S360;,1,0.9368950318674372,0.06310496813256278
MAPK1,1,4,BRD8;S274;,1,0.917643324585725,0.08235667541427504
MAPK1,1,4,AKAP2;S152;,1,0.9450888699455755,0.05491113005442447
MAPK1,1,4,ETL4;S1844;,1,0.9550990090983199,0.04490099090168013
MAPK1,1,4,KDM2A;S718;,1,0.9459442611431925,0.054055738856807534
MAPK1,1,4,NACA;S914;,1,0.9227696196309524,0.07723038036904754
MAPK1,1,4,LIMA1;S608;,1,0.9162241302919645,0.08377586970803555
MAPK1,1,4,PPP1R13L;S110;,1,0.9568634595780359,0.043136540421964104
MAPK1,1,4,GIGYF1;S28;,1,0.9333383716557058,0.06666162834429422
MAPK1,1,4,FHOD1;S501;,1,0.9458114085744262,0.0541885914255739
MAPK1,1,4,LOC685707;S1251;,1,0.9450554690539608,0.054944530946039113
MAPK1,1,4,ATXN2L;S447;,1,0.9450662490152216,0.054933750984778505
MAPK1,1,4,PDXDC1;T554;,1,0.9025498619953916,0.09745013800460837
MAPK1,1,4,NHSL1;T1376;,1,0.9451625152934726,0.05483748470652737
MAPK1,1,4,PHF1;S415;,1,0.8923083062326831,0.10769169376731683
MAPK1,1,4,PIEZO1;S1370;,1,0.9388644474392105,0.06113555256078956
MAPK1,1,4,ABI2;S165;,2,0.012346770608171223,0.9876532293918289
MAPK1,1,4,DUSP27;S368;,2,0.01922806374596085,0.9807719362540391
MAPK1,1,4,FRYL;T1959;,2,0.02620880120884601,0.9737911987911542
MAPK1,1,4,TBC1D1;T590;,2,0.027168646286117825,0.9728313537138822
MAPK1,1,4,LMNA;S407;,2,0.02714877104371953,0.9728512289562805
MAPK1,1,4,LARP1;S916;,2,0.03870747782264247,0.9612925221773576
MAPK1,1,4,RPTOR;S863;,2,0.9397353482842216,0.06026465171577831
MAPK1,1,4,ZNRF2;S154;,2,0.7615392113110853,0.23846078868891452
MAPK1,1,4,SH3PXD2A;S956;,2,0.008571596844164255,0.9914284031558358
MAPK1,1,4,PSMC3;S12;,2,0.7270134161563444,0.2729865838436558
MAPK1,1,4,NES;S1131;,2,0.026557749632478,0.9734422503675222
MAPK1,1,4,PHLDB2;S241;,2,0.027182848895747347,0.9728171511042526
MAPK1,1,4,EIF3A;S584;,2,0.0057119693156207005,0.9942880306843792
MAPK1,1,4,AKAP1;S103;,2,0.027184036990261548,0.9728159630097386
MAPK1,1,4,PRRC2A;S765;,2,0.02718554770903479,0.9728144522909652
MAPK1,1,4,TNRC6B;S421;,2,0.7292313800343153,0.2707686199656848
MAPK1,1,4,GYS1;S728;,2,0.9387714546064116,0.06122854539358831
MAPK1,1,4,LOC684259;S780;,2,0.027182850321394947,0.9728171496786049
MAPK1,1,4,RGD1566017;S802;,2,0.01440180370019974,0.9855981962998003
MAPK1,1,4,AHNAK;S1191;,2,0.0272054758230558,0.9727945241769443
MAPK1,1,4,RPS6KA4;S681;,2,0.02713926754614359,0.9728607324538564
MAPK1,1,4,PATL1;S184;,2,0.9009439374137992,0.09905606258620064
MAPK1,1,4,SGTA;S306;,2,0.012492205442170884,0.9875077945578291
MAPK1,1,4,ACACA;S79;,2,0.025515360311092267,0.9744846396889077
MAPK1,1,4,SHC3;S359;,2,0.6533413560021765,0.3466586439978234
MAPK1,1,4,CBX5;S93;,2,0.02300011763273105,0.9769998823672689
MAPK1,1,4,MED24;S861;,2,0.02502676922997967,0.9749732307700205
MAPK1,1,4,TJP1;S1602;,2,0.8917392395306225,0.10826076046937762
MAPK1,1,4,ELMSAN1;S456;,2,0.029129039694848494,0.9708709603051514
MAPK1,1,4,MPHOSPH10;S168;,2,0.01792152707222983,0.9820784729277702
MAPK1,1,5,DYNC1I2;S81;,1,0.9300571105602792,0.06994288943972071
MAPK1,1,5,HUWE1;S3898;,1,0.8825253129368215,0.11747468706317868
MAPK1,1,5,GBF1;S1786;,1,0.9056372169805903,0.09436278301940973
MAPK1,1,5,PARVA;S14;,1,0.9272925659089846,0.07270743409101549
MAPK1,1,5,BCL9L;S25;,1,0.9205652092161196,0.07943479078388037
MAPK1,1,5,TMEM245;S327;,1,0.8708861918082443,0.12911380819175558
MAPK1,1,5,MAP1S;S683;,1,0.9258356423358193,0.07416435766418082
MAPK1,1,5,CEP68;S510;,1,0.8715720652338894,0.12842793476611042
MAPK1,1,5,MYOZ2;T32;,1,0.9056131022466196,0.09438689775338042
MAPK1,1,5,PI4K2A;S50;,1,0.9371374602641565,0.06286253973584353
MAPK1,1,5,HUWE1;T3903;,1,0.915179195399465,0.0848208046005351
MAPK1,1,5,SAMD4B;S271;,1,0.9383602810081849,0.06163971899181497
MAPK1,1,5,TACC2;S575;,1,0.8989767250443808,0.10102327495561926
MAPK1,1,5,DLG2;S323;,1,0.8727653329253114,0.12723466707468853
MAPK1,1,5,PPP1R13L;S360;,1,0.907005384487945,0.09299461551205511
MAPK1,1,5,BRD8;S274;,1,0.875468608224996,0.12453139177500436
MAPK1,1,5,AKAP2;S152;,1,0.8471851042667105,0.1528148957332895
MAPK1,1,5,ETL4;S1844;,1,0.9203435108232242,0.0796564891767757
MAPK1,1,5,KDM2A;S718;,1,0.92189636991316,0.07810363008684001
MAPK1,1,5,NACA;S914;,1,0.9055661454044245,0.0944338545955755
MAPK1,1,5,LIMA1;S608;,1,0.8501751824404968,0.14982481755950317
MAPK1,1,5,PPP1R13L;S110;,1,0.9095658839766267,0.09043411602337308
MAPK1,1,5,GIGYF1;S28;,1,0.9079998159327554,0.09200018406724464
MAPK1,1,5,FHOD1;S501;,1,0.9055730584634094,0.09442694153659073
MAPK1,1,5,LOC685707;S1251;,1,0.8709211318636184,0.1290788681363816
MAPK1,1,5,ATXN2L;S447;,1,0.8373620436184254,0.1626379563815744
MAPK1,1,5,PDXDC1;T554;,1,0.8300695840911629,0.1699304159088368
MAPK1,1,5,NHSL1;T1376;,1,0.9002231267887306,0.09977687321126948
MAPK1,1,5,PHF1;S415;,1,0.9055037970648394,0.09449620293516083
MAPK1,1,5,PIEZO1;S1370;,1,0.9056192152551262,0.09438078474487371
MAPK1,1,5,ABI2;S165;,2,0.02024542112692476,0.9797545788730753
MAPK1,1,5,DUSP27;S368;,2,0.01929235175562765,0.9807076482443722
MAPK1,1,5,FRYL;T1959;,2,0.01813997025943262,0.9818600297405674
MAPK1,1,5,TBC1D1;T590;,2,0.018482458738991975,0.981517541261008
MAPK1,1,5,LMNA;S407;,2,0.06936787449987274,0.9306321255001274
MAPK1,1,5,LARP1;S916;,2,0.03043478825569009,0.96956521174431
MAPK1,1,5,RPTOR;S863;,2,0.8434925357898044,0.15650746421019554
MAPK1,1,5,ZNRF2;S154;,2,0.672522705498907,0.327477294501093
MAPK1,1,5,SH3PXD2A;S956;,2,0.008655947034676207,0.9913440529653238
MAPK1,1,5,PSMC3;S12;,2,0.718782723357429,0.28121727664257085
MAPK1,1,5,NES;S1131;,2,0.020336211865770386,0.9796637881342295
MAPK1,1,5,PHLDB2;S241;,2,0.02033533446538844,0.9796646655346118
MAPK1,1,5,EIF3A;S584;,2,0.009161324637427918,0.9908386753625723
MAPK1,1,5,AKAP1;S103;,2,0.03353582420195844,0.9664641757980418
MAPK1,1,5,PRRC2A;S765;,2,0.05298735278871875,0.947012647211281
MAPK1,1,5,TNRC6B;S421;,2,0.664961844281096,0.3350381557189041
MAPK1,1,5,GYS1;S728;,2,0.892414328417635,0.10758567158236512
MAPK1,1,5,LOC684259;S780;,2,0.020349687892325205,0.9796503121076748
MAPK1,1,5,RGD1566017;S802;,2,0.0203422742599633,0.979657725740037
MAPK1,1,5,AHNAK;S1191;,2,0.020324707883081855,0.9796752921169181
MAPK1,1,5,RPS6KA4;S681;,2,0.04180018467454365,0.9581998153254565
MAPK1,1,5,PATL1;S184;,2,0.7926041488342208,0.20739585116577922
MAPK1,1,5,SGTA;S306;,2,0.012733234736914347,0.9872667652630854
MAPK1,1,5,ACACA;S79;,2,0.02033621301765824,0.9796637869823417
MAPK1,1,5,SHC3;S359;,2,0.7043712897149063,0.2956287102850936
MAPK1,1,5,CBX5;S93;,2,0.018181526340317167,0.981818473659683
MAPK1,1,5,MED24;S861;,2,0.020338982858040238,0.9796610171419596
MAPK1,1,5,TJP1;S1602;,2,0.7378516084192385,0.2621483915807616
MAPK1,1,5,ELMSAN1;S456;,2,0.016227987786770197,0.9837720122132299
MAPK1,1,5,MPHOSPH10;S168;,2,0.015301488528040108,0.9846985114719597
