kinase,site_id
ABL1,MAPK14;Y182;
AKT1,TSC2;S939;
AKT1,GSK3B;S9;
AKT1,TBC1D1;T590;
AKT1,TBC1D1;S231;
AKT1,EIF4B;S422;
AKT2,GAB2;T388;
AKT2,GAB2;S211;
AKT3,GSK3B;S9;
CAMK2A,STMN1;S16;
CDK2,STMN1;S38;
CDK5,STMN1;S38;
CDK5,STAT3;S727;
CDK8,STAT3;S727;
IRAK1,STAT3;S727;
LCK,MAPK1;Y185;
MAP2K1,MAPK1;Y185;
MAP2K4,MAPK8;Y185;
MAP2K6,MAPK14;Y182;
MAP3K1,STAT3;S727;
MAP4K5,GSK3B;S9;
MAPK1,MAPK1;Y185;
MAPK1,DYNC1I2;S81;
MAPK1,STMN1;S38;
MAPK1,RAI14;T249;
MAPK1,STMN1;S25;
MAPK1,ETV3;S139;
MAPK1,FOSL2;T322;
MAPK1,FOSL2;S320;
MAPK10,STMN1;S38;
MAPK10,STMN1;S25;
MAPK14,EIF4EBP1;S64;
MAPK14,MAPK14;Y182;
MAPK14,STAT3;S727;
MAPK3,FOSL2;T322;
MAPK3,LIMA1;S360;
MAPK3,FOSL2;S320;
MAPK3,STMN1;S25;
MAPK3,RANBP3;S58;
MAPK3,PXN;S83;
MAPK8,STMN1;S38;
MAPK8,STMN1;S25;
MAPK8,STAT3;S727;
MAPK9,STMN1;S38;
MAPK9,STMN1;S25;
MTOR,EIF4EBP1;S64;
MTOR,SMCR8;S416;
MTOR,STAT3;S727;
NLK,STAT3;S727;
PRKAA1,TBC1D1;S231;
PRKAA1,ACACA;S79;
PRKAA1,GATAD2A;S96;
PRKAA1,TBC1D1;T590;
PRKAA2,ACACA;S79;
PRKACA,PRKAA1;S496;
PRKACA,STMN1;S16;
PRKACA,GSK3B;S9;
PRKACA,PTRF;S171;
PRKACA,PTRF;S169;
PRKCA,GSK3A;S21;
PRKCA,GSK3B;S9;
PRKCB,GSK3A;S21;
PRKCB,GSK3B;S9;
PRKCD,STAT3;S727;
PRKCE,STAT3;S727;
PRKCH,GSK3A;S21;
PRKCH,GSK3B;S9;
RPS6KA1,EIF4B;S422;
RPS6KA1,GAB2;S211;
RPS6KA5,STAT3;S727;
RPS6KA5,EIF4EBP1;S64;
RPS6KB1,GSK3B;S9;
RPS6KB1,EIF4B;S422;
TBK1,STAT3;S727;
Humphrey.Akt,TSC2;S939;
Humphrey.Akt,GSK3B;S9;
Humphrey.Akt,RANBP3;S58;
Humphrey.Akt,PFKFB2;S469;
Humphrey.Akt,GSK3A;S21;
Humphrey.Akt,FOXO3;S252;
Humphrey.mTOR,EIF4EBP1;S64;
Humphrey.mTOR,AKT1S1;T247;
Humphrey.mTOR,PATL1;S184;
Humphrey.mTOR,STAT3;S727;
Humphrey.mTOR,MAF1;S60;
Yang.Erk1,DYNC1I2;S81;
Yang.Erk1,STMN1;S25;
Yang.Erk1,ETV3;S139;
Yang.Erk1,RPTOR;S863;
Yang.Erk1,STMN1;S38;
Yang.Akt,GSK3A;S21;
Yang.Akt,PFKFB2;S469;
Yang.Akt,RANBP3;S58;
Yang.Akt,GSK3B;S9;
Yang.Akt,FOXO3;S252;
Yang.Akt,AKT1S1;T247;
Yang.Akt,TSC2;S939;
Yang.Sgk,NDRG1;S330;
Yang.Sgk,FOXO3;S252;
Yang.Ampk,PFKFB2;S469;
Yang.Ampk,AKAP1;S103;
Yang.Ampk,STIM1;S257;
Yang.Ampk,TBC1D1;S231;
Yang.Ampk,PRKAB1;S108;
Yang.Ampk,TBC1D1;T590;
Yang.Ampk,ACACA;S79;
Yang.S6K,EEF2K;S365;
Yang.S6K,EIF4B;S422;
Yang.mTOR,RPTOR;S863;
Yang.mTOR,PATL1;S184;
Yang.mTOR,MAF1;S60;
Yang.mTOR,AKT1S1;S184;
Yang.mTOR,EIF4EBP1;S64;
Yang.mTOR,STAT3;S727;
Yang.RSK,GAB2;S211;
Yang.RSK,RANBP3;S58;
Yang.RSK,EEF2K;S365;
