kinase,ensemble,iteration,class_pair,probA,probB
MAPK1,1,1,1|2,-3.988968172265179,1.7261209695111142
MAPK1,1,2,1|2,-4.0043155432076665,1.26747874979258
MAPK1,1,3,1|2,-3.2852272753376814,0.608277845251192
MAPK1,1,4,1|2,-3.419377621603388,0.8852982675028207
MAPK1,1,5,1|2,-3.4060920234475653,0.8526072410071018
MAPK1,2,1,1|2,-3.246035185195406,1.2274641413522769
MAPK1,2,2,1|2,-2.9555417071244,0.7868430620384959
MAPK1,2,3,1|2,-3.2957839301064293,0.5745471213651121
MAPK1,2,4,1|2,-3.5497386902609915,0.8274999962103109
MAPK1,2,5,1|2,-3.4592262778439933,0.7263254291215265
MAPK1,3,1,1|2,-3.180454888099336,1.166932417558595
MAPK1,3,2,1|2,-3.2500788710864454,0.4049831062166734
MAPK1,3,3,1|2,-3.337472321062938,0.6726542537756234
MAPK1,3,4,1|2,-3.216882839076754,0.5559548995110344
MAPK1,3,5,1|2,-3.6519866056802015,0.6609358802770764
MAPK1,4,1,1|2,-3.504869057458389,1.48617095991344
MAPK1,4,2,1|2,-3.8997270670328708,1.061363508649143
MAPK1,4,3,1|2,-3.893825241294362,1.1906697471925953
MAPK1,4,4,1|2,-4.2318579703930315,1.4797796673040688
MAPK1,4,5,1|2,-3.3698633378722977,0.9543326879656269
MAPK1,5,1,1|2,-2.8863835371425464,0.9842721159684841
MAPK1,5,2,1|2,-4.16463185472266,1.9684766120593997
MAPK1,5,3,1|2,-3.815869099343989,0.9523476503787032
MAPK1,5,4,1|2,-3.7329367850424635,0.9964306703612668
MAPK1,5,5,1|2,-3.331181681441092,1.023407989868103
MAPK1,6,1,1|2,-4.6653603694574795,1.643919582760022
MAPK1,6,2,1|2,-4.265546459327857,0.660273795188952
MAPK1,6,3,1|2,-4.297310477258872,0.7287493288179845
MAPK1,6,4,1|2,-3.637989443058289,0.5862855638536307
MAPK1,6,5,1|2,-4.29287451537315,1.333269854906698
MAPK1,7,1,1|2,-3.1716875951390664,0.9254620584623832
MAPK1,7,2,1|2,-3.0975046278313094,0.3304962333767906
MAPK1,7,3,1|2,-3.363717137693344,0.4041271117085745
MAPK1,7,4,1|2,-3.315785803001302,0.47130709157288103
MAPK1,7,5,1|2,-2.9529031929298153,0.5984851273588995
MAPK1,8,1,1|2,-3.280405941084142,0.8648733197696182
MAPK1,8,2,1|2,-3.5215515513678017,0.9045537116765121
MAPK1,8,3,1|2,-3.8305724456539685,0.5811171643917152
MAPK1,8,4,1|2,-3.4291984967354483,0.8685292606280784
MAPK1,8,5,1|2,-3.7310076703603885,0.7107061273777435
MAPK1,9,1,1|2,-3.464612286733285,1.594171085751925
MAPK1,9,2,1|2,-3.179245072979805,1.1417862972870878
MAPK1,9,3,1|2,-3.277595869334227,1.0154817014405109
MAPK1,9,4,1|2,-3.120165080272432,0.4530652849196542
MAPK1,9,5,1|2,-3.158839733841344,0.8555161631798378
MAPK1,10,1,1|2,-4.062873270484129,1.3870242769699532
MAPK1,10,2,1|2,-4.015969269981106,1.6259738584546948
MAPK1,10,3,1|2,-3.366208497371331,1.1384573937518252
MAPK1,10,4,1|2,-3.730021323088851,1.0925770774277137
MAPK1,10,5,1|2,-3.218805905243049,0.7499771782968812
PRKAA1,1,1,1|2,-2.922216257859492,0.8592107233522277
PRKAA1,1,2,1|2,-3.300638188482939,0.2247817740230151
PRKAA1,1,3,1|2,-3.1757849238692346,0.3355813285527156
PRKAA1,1,4,1|2,-3.31330983939988,0.4803278308178949
PRKAA1,1,5,1|2,-3.150864642707499,0.3277544429806548
PRKAA1,2,1,1|2,-2.4864993857504207,0.8914423489111184
PRKAA1,2,2,1|2,-2.723748716376691,0.5522037204737008
PRKAA1,2,3,1|2,-3.2606267707487735,0.05602221892331347
PRKAA1,2,4,1|2,-3.3340097028040145,0.049500545247020175
PRKAA1,2,5,1|2,-2.878916995721335,0.3189577523940284
PRKAA1,3,1,1|2,-2.9467628142702607,0.513323205081038
PRKAA1,3,2,1|2,-2.9770440440818136,0.6186888002284132
PRKAA1,3,3,1|2,-3.219925464981286,0.3692029878068609
PRKAA1,3,4,1|2,-3.2470507042603565,0.32262370271850954
PRKAA1,3,5,1|2,-3.1548731597763005,0.2429765919935972
PRKAA1,4,1,1|2,-2.710568360142102,0.7625595195692755
PRKAA1,4,2,1|2,-3.4884907498070126,0.6115555212632704
PRKAA1,4,3,1|2,-3.131868214317817,0.3986958898608521
PRKAA1,4,4,1|2,-3.316437372998165,0.08811334609592542
PRKAA1,4,5,1|2,-3.3060828640573043,0.34800214336384905
PRKAA1,5,1,1|2,-2.53473338030836,0.6088295659815699
PRKAA1,5,2,1|2,-3.2179853979296844,0.01199237560732616
PRKAA1,5,3,1|2,-3.303692697398211,0.02670641462871718
PRKAA1,5,4,1|2,-3.270202781537102,0.09323579821323039
PRKAA1,5,5,1|2,-3.194881066297816,0.05690066970272778
PRKAA1,6,1,1|2,-2.829421247243564,0.8318481609052409
PRKAA1,6,2,1|2,-3.039807884351753,0.26314524621530483
PRKAA1,6,3,1|2,-3.2637568122431615,0.6013291142443573
PRKAA1,6,4,1|2,-3.3404988517102283,0.33643591146034224
PRKAA1,6,5,1|2,-3.262941262696734,0.35128346480254563
PRKAA1,7,1,1|2,-2.604919629921461,0.6013813075119521
PRKAA1,7,2,1|2,-3.195074208562924,0.6523006965351582
PRKAA1,7,3,1|2,-2.9932026640797704,0.3476780804506584
PRKAA1,7,4,1|2,-3.2487044101035623,0.08646164468678184
PRKAA1,7,5,1|2,-3.2934741696685057,-0.03511222096603721
PRKAA1,8,1,1|2,-2.4811649314345683,1.0202839378107131
PRKAA1,8,2,1|2,-2.819179552002126,0.5927604669898761
PRKAA1,8,3,1|2,-2.832521420112551,0.5397361828236127
PRKAA1,8,4,1|2,-3.2185449444719567,0.015236740222447743
PRKAA1,8,5,1|2,-3.274498641542595,0.16057714234304793
PRKAA1,9,1,1|2,-2.807602332319114,1.265778742074559
PRKAA1,9,2,1|2,-3.0017786784291265,0.7688436902667344
PRKAA1,9,3,1|2,-3.3268789512659014,0.09985726507965656
PRKAA1,9,4,1|2,-3.352931264737848,0.3084880775207983
PRKAA1,9,5,1|2,-3.2742486119023684,0.053404480889009245
PRKAA1,10,1,1|2,-2.6912554582906063,0.9305638515616792
PRKAA1,10,2,1|2,-2.941359658216209,0.3443611215758559
PRKAA1,10,3,1|2,-3.3085326078474524,0.01391428505649083
PRKAA1,10,4,1|2,-3.264657014756029,0.32044434019327817
PRKAA1,10,5,1|2,-3.2976845928701954,0.1244390031384836
