kinase,rank,site,combined_score,within_top,above_threshold,selected_candidate
PRKAA1,1,AKAP1;S103;,0.948369151739611,True,True,True
PRKAA1,2,LOC100910104;S532;,0.928370517564177,True,True,True
PRKAA1,3,MTFR1L;S100;,0.916572705494253,True,True,True
PRKAA1,4,TBC1D1;S231;,0.899035571427737,True,True,True
PRKAA1,5,TRAK1;S905;,0.897461455078155,True,True,True
PRKAA1,6,DMXL1;S574;,0.873477952284874,True,True,True
PRKAA1,7,BAIAP2L1;S380;,0.873183483901027,True,True,True
PRKAA1,8,ACACA;S79;,0.865011749845324,True,True,True
PRKAA1,9,TBC1D1;S662;,0.863523344213154,True,True,True
PRKAA1,10,SMCR8;S488;,0.855154194392981,True,True,True
PRKAA1,11,RGD1310016;S1171;,0.847496110225736,True,True,True
PRKAA1,12,RGD1311783;S45;,0.842609208921913,True,True,True
PRKAA1,13,YAP1;S46;,0.814852325845433,True,True,True
PRKAA1,14,MAP4;S902;,0.812423576343484,True,True,True
PRKAA1,15,MAP4K4;S791;,0.811601239005549,True,True,True
PRKAA1,16,ARFIP1;S39;,0.810455709183992,True,True,True
PRKAA1,17,SRSF10;S131;,0.805113890101189,True,True,True
PRKAA1,18,RIPK2;S412;,0.803194602812788,True,True,True
PRKAA1,19,CHD8;S549;,0.80135184723321,True,True,True
PRKAA1,20,SLC4A7;S263;,0.800952684151034,True,True,True
PRKAA1,21,SLC2A13;S44;,0.79953916648553,True,True,True
PRKAA1,22,BAD;S171;,0.793596776533465,True,True,True
PRKAA1,23,GATAD2A;S96;,0.793199373963492,True,True,True
PRKAA1,24,SMCR8;S486;,0.787827933720017,True,True,True
PRKAA1,25,PPAN;S233;,0.786150781181402,True,True,True
PRKAA1,26,SH3PXD2A;S368;,0.784941198139397,True,True,True
PRKAA1,27,STIM1;S257;,0.77550732243462,True,True,True
PRKAA1,28,DCLK1;S30;,0.773948752887026,True,True,True
PRKAA1,29,MAP4K4;S794;,0.773094533769789,True,True,True
PRKAA1,30,MTFR1L;S235;,0.772035805514204,True,True,True
PRKAA1,31,CORO7;S298;,0.770586111113513,False,True,False
PRKAA1,32,COBL;S34;,0.767400108105451,False,True,False
PRKAA1,33,PRKAB1;S108;,0.761068551832898,False,True,False
PRKAA1,34,VAPA;S164;,0.759399228909702,False,True,False
PRKAA1,35,SIPA1L1;S1411;,0.758059527445665,False,True,False
PRKAA1,36,GATAD2A;S103;,0.756089640150315,False,True,False
PRKAA1,37,SIPA1L1;S1408;,0.755840341123536,False,True,False
PRKAA1,38,EEF2K;S365;,0.755291281425162,False,True,False
PRKAA1,39,STIM1;S523;,0.752873645686126,False,True,False
PRKAA1,40,AKAP6;S562;,0.746875266923864,False,True,False
PRKAA1,41,DENND4C;S1037;,0.746195874325088,False,True,False
PRKAA1,42,SLK;S778;,0.745469514738762,False,True,False
PRKAA1,43,RGD1311783;S46;,0.743528197079716,False,True,False
PRKAA1,44,ULK1;T659;,0.742571048659036,False,True,False
PRKAA1,45,SPHK2;S379;,0.74054948945063,False,True,False
PRKAA1,46,SBF1;S1141;,0.73805214760163,False,True,False
PRKAA1,47,CLASP2;S331;,0.737738247872057,False,True,False
PRKAA1,48,LOC312502;S139;,0.7375681590675,False,True,False
PRKAA1,49,CHRND;S379;,0.7351103408016,False,True,False
PRKAA1,50,KCTD3;S809;,0.733906604326692,False,True,False
PRKAA1,51,COBL;S31;,0.73075338678834,False,True,False
PRKAA1,52,ARPP21;S256;,0.730424673346113,False,True,False
PRKAA1,53,PPAN;S240;,0.727464151556784,False,True,False
PRKAA1,54,ULK1;S637;,0.721901001980972,False,True,False
PRKAA1,55,SNW1;S224;,0.720325700219368,False,True,False
PRKAA1,56,TMEM55A;S14;,0.719198945913916,False,True,False
PRKAA1,57,COG3;S536;,0.718966197523365,False,True,False
PRKAA1,58,SMCR8;S497;,0.716669629824495,False,True,False
PRKAA1,59,ULK1;S465;,0.711474509795753,False,True,False
PRKAA1,60,MPHOSPH10;S168;,0.70933228742502,False,True,False
PRKAA1,61,OPTN;S188;,0.706548276609213,False,True,False
PRKAA1,62,LOC684259;S780;,0.706375543560468,False,True,False
PRKAA1,63,NES;S1131;,0.706101468359696,False,True,False
PRKAA1,64,VPS26B;S304;,0.703807096171236,False,True,False
PRKAA1,65,EHBP1L1;S1363;,0.701941712889188,False,True,False
PRKAA1,66,LOC100911677;S490;,0.698704440430256,False,True,False
PRKAA1,67,GOLGA4;S116;,0.697246685199103,False,True,False
PRKAA1,68,SLC4A7;S1171;,0.697126685725619,False,True,False
PRKAA1,69,LOC312502;S138;,0.69663848452136,False,True,False
PRKAA1,70,SLC2A13;S47;,0.694273455174905,False,True,False
PRKAA1,71,VIM;S420;,0.693965433627726,False,True,False
PRKAA1,72,SLC2A13;S38;,0.693674085599803,False,True,False
PRKAA1,73,PPAN;S238;,0.690633332980166,False,True,False
PRKAA1,74,LYSMD1;S33;,0.690570569828661,False,True,False
PRKAA1,75,SPAG9;S716;,0.688568847529951,False,True,False
PRKAA1,76,ZC3H13;S368;,0.687390714654805,False,True,False
PRKAA1,77,VIM;S430;,0.685737159369241,False,True,False
PRKAA1,78,AHNAK;S2117;,0.684878045795183,False,True,False
PRKAA1,79,STIM1;S524;,0.683813659483223,False,True,False
PRKAA1,80,AHCTF1;S1214;,0.683415333486406,False,True,False
PRKAA1,81,SMCR8;S491;,0.682193080043352,False,True,False
PRKAA1,82,AHNAK;S222;,0.681301996929198,False,True,False
PRKAA1,83,TTN;S305;,0.67140661115883,False,True,False
PRKAA1,84,ARHGEF17;S995;,0.66928395428248,False,True,False
PRKAA1,85,NES;S1071;,0.668231459734926,False,True,False
PRKAA1,86,STIM2;S675;,0.664345893117593,False,True,False
PRKAA1,87,MTFR1L;S234;,0.658758068772675,False,True,False
PRKAA1,88,HOMER3;S158;,0.656206597167243,False,True,False
PRKAA1,89,ULK1;T468;,0.655040438630469,False,True,False
PRKAA1,90,AHNAK;S1191;,0.653813828419821,False,True,False
PRKAA1,91,ABLIM3;S575;,0.653641496798941,False,True,False
PRKAA1,92,VIM;T426;,0.652497007535941,False,True,False
PRKAA1,93,NEK9;S16;,0.649455274041751,False,True,False
PRKAA1,94,HECTD1;S1573;,0.641771632704451,False,True,False
PRKAA1,95,WNK1;S165;,0.640357138797046,False,True,False
PRKAA1,96,BCL9L;S21;,0.636932191745023,False,True,False
PRKAA1,97,AMOTL1;S580;,0.633586763708696,False,True,False
PRKAA1,98,DOCK6;S1339;,0.626998489838914,False,True,False
PRKAA1,99,FAM134C;S320;,0.625560338070765,False,True,False
PRKAA1,100,RANBP10;S481;,0.622434064351052,False,True,False
PRKAA1,101,DOPEY1;S1261;,0.611976602293617,False,True,False
PRKAA1,102,RAPGEF1;S306;,0.604711653539486,False,True,False
PRKAA1,103,SH3BP5;S420;,0.599022009076019,False,False,False
PRKAA1,104,TRIM28;S474;,0.595896620420977,False,False,False
PRKAA1,105,ALKBH5;S362;,0.593335606517774,False,False,False
PRKAA1,106,NES;S784;,0.589742627940701,False,False,False
PRKAA1,107,FAM134C;S313;,0.587151869924742,False,False,False
PRKAA1,108,MATR3;S188;,0.581457651952009,False,False,False
PRKAA1,109,AKAP11;S1090;,0.575040214352832,False,False,False
PRKAA1,110,LOC100365259;S393;,0.573650637923713,False,False,False
PRKAA1,111,SOS1;S1120;,0.570571651855746,False,False,False
PRKAA1,112,ATRX;S761;,0.569116012432847,False,False,False
PRKAA1,113,CAMK2D;T371;,0.5607720806937,False,False,False
PRKAA1,114,MED24;S860;,0.551243510974603,False,False,False
PRKAA1,115,EEF2;T57;,0.549076040481131,False,False,False
PRKAA1,116,PTPN12;T544;,0.545489022064023,False,False,False
PRKAA1,117,CEP170B;S1166;,0.544969585694766,False,False,False
PRKAA1,118,RBM7;S72;,0.544778095928827,False,False,False
PRKAA1,119,DOCK7;S1361;,0.544218581125468,False,False,False
PRKAA1,120,PLEC;S4246;,0.536268611274574,False,False,False
PRKAA1,121,FAM65A;S752;,0.535180137786288,False,False,False
PRKAA1,122,NEK9;S736;,0.532728495590034,False,False,False
PRKAA1,123,PHLDB2;S241;,0.528383357285268,False,False,False
PRKAA1,124,PFKFB2;S469;,0.520932766868679,False,False,False
PRKAA1,125,SRPK2;S487;,0.512549958476298,False,False,False
PRKAA1,126,SVIL;S259;,0.505806542669426,False,False,False
PRKAA1,127,PRKAA1;S496;,0.505141895146464,False,False,False
PRKAA1,128,PID1;S232;,0.504912774476785,False,False,False
PRKAA1,129,TCF12;S583;,0.503193115654185,False,False,False
PRKAA1,130,AHNAK;S211;,0.500783525973075,False,False,False
PRKAA1,131,AP3D1;S755;,0.499604416230711,False,False,False
PRKAA1,132,ITSN1;S1063;,0.498238499388917,False,False,False
PRKAA1,133,SZT2;S1641;,0.497743308386788,False,False,False
PRKAA1,134,AIMP1;S110;,0.496038280150215,False,False,False
PRKAA1,135,ACIN1;S711;,0.495490849632239,False,False,False
PRKAA1,136,SPAG9;S203;,0.494594526574232,False,False,False
PRKAA1,137,LMNA;S404;,0.494269867288573,False,False,False
PRKAA1,138,AZI1;S114;,0.492691022237576,False,False,False
PRKAA1,139,KDM5C;S316;,0.491565273301331,False,False,False
PRKAA1,140,MARCKS;S141;,0.489699277568016,False,False,False
PRKAA1,141,AZI1;S304;,0.488554109122747,False,False,False
PRKAA1,142,MYCBP2;S2750;,0.48676408924028,False,False,False
PRKAA1,143,MAPK8;Y185;,0.485897319179641,False,False,False
PRKAA1,144,SPAG7;S219;,0.483489419290325,False,False,False
PRKAA1,145,SIPA1L1;S288;,0.482497943798892,False,False,False
PRKAA1,146,JSRP1;S47;,0.482056938435592,False,False,False
PRKAA1,147,BICD2;S611;,0.481337213906054,False,False,False
PRKAA1,148,EPS8;S659;,0.477371597412711,False,False,False
PRKAA1,149,DUSP27;S427;,0.475889481038596,False,False,False
PRKAA1,150,ITSN1;S315;,0.474072035320512,False,False,False
PRKAA1,151,RGD1561609;S759;,0.473781927737197,False,False,False
PRKAA1,152,LMNA;S423;,0.472818702109365,False,False,False
PRKAA1,153,C2CD4C;S262;,0.472013813546296,False,False,False
PRKAA1,154,FAM171A2;S423;,0.469506600736423,False,False,False
PRKAA1,155,EIF4B;S422;,0.468180090108364,False,False,False
PRKAA1,156,TANC2;S1447;,0.468008913804828,False,False,False
PRKAA1,157,BAG3;S271;,0.467097934387801,False,False,False
PRKAA1,158,AKAP2;S152;,0.466366747252353,False,False,False
PRKAA1,159,SON;S94;,0.466033330678201,False,False,False
PRKAA1,160,RANBP3;S58;,0.465377298229721,False,False,False
PRKAA1,161,SYNPO2L;T141;,0.462874826521145,False,False,False
PRKAA1,162,CCDC88A;S1638;,0.462593577360871,False,False,False
PRKAA1,163,SGTA;S306;,0.461838963672082,False,False,False
PRKAA1,164,MAP1A;S1757;,0.460344999504614,False,False,False
PRKAA1,165,FLNC;S2234;,0.459319246505432,False,False,False
PRKAA1,166,PRRC2B;S259;,0.459006833945364,False,False,False
PRKAA1,167,KANK2;S358;,0.458398906403915,False,False,False
PRKAA1,168,RPS6KA4;S682;,0.458071128894676,False,False,False
PRKAA1,169,GAB2;S211;,0.456994510370351,False,False,False
PRKAA1,170,TSC2;S939;,0.456188626008539,False,False,False
PRKAA1,171,RAF1;S296;,0.456066716100758,False,False,False
PRKAA1,172,PSMA5;T55;,0.454107966786821,False,False,False
PRKAA1,173,ELMSAN1;S456;,0.452746926014841,False,False,False
PRKAA1,174,CBX5;S93;,0.450663742565792,False,False,False
PRKAA1,175,MACF1;S1376;,0.448842368313032,False,False,False
PRKAA1,176,NDRG1;S330;,0.448191270839766,False,False,False
PRKAA1,177,UBE2O;T830;,0.447749515214645,False,False,False
PRKAA1,178,LMO7;S1541;,0.447732913628103,False,False,False
PRKAA1,179,ZNRF2;S81;,0.446096601693304,False,False,False
PRKAA1,180,AFF4;S823;,0.445583786280521,False,False,False
PRKAA1,181,MAP1B;T1781;,0.444838691596315,False,False,False
PRKAA1,182,PI4K2A;S461;,0.444059206889535,False,False,False
PRKAA1,183,ZNRF2;S18;,0.442845497649517,False,False,False
PRKAA1,184,DUSP27;S368;,0.442811013961882,False,False,False
PRKAA1,185,UBA1;S13;,0.442564471402697,False,False,False
PRKAA1,186,TNKS1BP1;S1642;,0.439503547494386,False,False,False
PRKAA1,187,RFX7;S1177;,0.438368692104301,False,False,False
PRKAA1,188,DUSP27;S366;,0.437046569015941,False,False,False
PRKAA1,189,ARHGAP17;S710;,0.435123932667457,False,False,False
PRKAA1,190,SH3PXD2A;S956;,0.434893262957425,False,False,False
PRKAA1,191,UBA5;S380;,0.43480873523205,False,False,False
PRKAA1,192,TFE3;S531;,0.434575585630639,False,False,False
PRKAA1,193,ATF7;T53;,0.434505732746535,False,False,False
PRKAA1,194,GAB1;S418;,0.433573636748483,False,False,False
PRKAA1,195,NUMA1;S1958;,0.433372453409745,False,False,False
PRKAA1,196,PARD3;S715;,0.432827865111814,False,False,False
PRKAA1,197,AAK1;S677;,0.430309476118773,False,False,False
PRKAA1,198,EIF5B;S183;,0.429521788285655,False,False,False
PRKAA1,199,AKAP2;S730;,0.429239508322641,False,False,False
PRKAA1,200,MEF2C;S226;,0.429068160934344,False,False,False
PRKAA1,201,SF3B1;T326;,0.427874242227987,False,False,False
PRKAA1,202,DYNC1H1;S4365;,0.425711222451914,False,False,False
PRKAA1,203,LAMTOR1;S98;,0.424660239598353,False,False,False
PRKAA1,204,MDM2;S138;,0.422879140906554,False,False,False
PRKAA1,205,ARHGAP22;S236;,0.422158374418545,False,False,False
PRKAA1,206,LARP1;S916;,0.421481587490678,False,False,False
PRKAA1,207,GSK3B;S9;,0.421391018681377,False,False,False
PRKAA1,208,FOXO3;S252;,0.420755834704807,False,False,False
PRKAA1,209,RGD1560225;S763;,0.420558068761216,False,False,False
PRKAA1,210,ANP32A;S15;,0.420473067433386,False,False,False
PRKAA1,211,NUMA1;S1935;,0.420471903716531,False,False,False
PRKAA1,212,PAK2;S197;,0.420206194813088,False,False,False
PRKAA1,213,NDRG2;T334;,0.41990957642415,False,False,False
PRKAA1,214,PDS5B;S1176;,0.419539716551829,False,False,False
PRKAA1,215,STARD13;S334;,0.419089464032602,False,False,False
PRKAA1,216,HBS1L;S147;,0.418865451414371,False,False,False
PRKAA1,217,SYNPO2L;S401;,0.417983361852214,False,False,False
PRKAA1,218,RPS6KA3;S715;,0.417957709365275,False,False,False
PRKAA1,219,CIC;S1394;,0.417397267409176,False,False,False
PRKAA1,220,POM121;S370;,0.416795500897143,False,False,False
PRKAA1,221,DBNDD1;S123;,0.416572123879617,False,False,False
PRKAA1,222,ARHGAP5;S1195;,0.414843843126131,False,False,False
PRKAA1,223,ULK1;S479;,0.414438159497851,False,False,False
PRKAA1,224,WIPF2;S235;,0.414228712454386,False,False,False
PRKAA1,225,SVIL;S531;,0.414185573911559,False,False,False
PRKAA1,226,LOC100910646;S166;,0.412401911607298,False,False,False
PRKAA1,227,ARHGAP39;S284;,0.412074066121271,False,False,False
PRKAA1,228,PXN;S106;,0.412009320448251,False,False,False
PRKAA1,229,TDRD3;S256;,0.412006715426656,False,False,False
PRKAA1,230,PHLDB1;S534;,0.411667571848018,False,False,False
PRKAA1,231,RGD1309586;S59;,0.411619735503814,False,False,False
PRKAA1,232,NDRG1;T328;,0.41140467117311,False,False,False
PRKAA1,233,RPS6KA4;S681;,0.411151300934462,False,False,False
PRKAA1,234,HECTD1;S1393;,0.4111242221287,False,False,False
PRKAA1,235,LOC100360205;S239;,0.410793176780341,False,False,False
PRKAA1,236,PDAP1;S176;,0.410370261667948,False,False,False
PRKAA1,237,ABL2;S799;,0.407953983573147,False,False,False
PRKAA1,238,RGD1308297;S518;,0.407325570951714,False,False,False
PRKAA1,239,BCL9L;S116;,0.406882255694427,False,False,False
PRKAA1,240,MURC;S20;,0.406543368337495,False,False,False
PRKAA1,241,ATXN2;S622;,0.406164403285532,False,False,False
PRKAA1,242,RGD1562639;S1035;,0.405912291810838,False,False,False
PRKAA1,243,PCM1;S384;,0.40517143139423,False,False,False
PRKAA1,244,PXN;S137;,0.404990352456431,False,False,False
PRKAA1,245,PTPN21;S599;,0.4046550904615,False,False,False
PRKAA1,246,ABI2;S165;,0.404630036309862,False,False,False
PRKAA1,247,ZFP295;S411;,0.403923460851321,False,False,False
PRKAA1,248,AKAP13;S2515;,0.402236563428855,False,False,False
PRKAA1,249,RUFY1;S50;,0.402003053400645,False,False,False
PRKAA1,250,PDCD4;S76;,0.401651248760291,False,False,False
PRKAA1,251,HERC1;S1163;,0.401617497222895,False,False,False
PRKAA1,252,ARHGAP5;S1202;,0.401556202329911,False,False,False
PRKAA1,253,PDCD4;S420;,0.400769270284304,False,False,False
PRKAA1,254,MLLT4;S246;,0.399667495094492,False,False,False
PRKAA1,255,BBX;S243;,0.397278755962614,False,False,False
PRKAA1,256,LMO7;S1543;,0.397113481383349,False,False,False
PRKAA1,257,MED24;S861;,0.396788520820276,False,False,False
PRKAA1,258,ALKBH5;S376;,0.396442898111265,False,False,False
PRKAA1,259,PPP6R2;S629;,0.394523600193476,False,False,False
PRKAA1,260,FMN1;S589;,0.394044279541776,False,False,False
PRKAA1,261,ETL4;S1844;,0.392416433940281,False,False,False
PRKAA1,262,MAP1B;S1393;,0.392407095985677,False,False,False
PRKAA1,263,NACA;S1720;,0.392394118663393,False,False,False
PRKAA1,264,LARP4B;S498;,0.392386575101738,False,False,False
PRKAA1,265,AKAP11;S448;,0.392165673430559,False,False,False
PRKAA1,266,MBD3;S85;,0.391786596066691,False,False,False
PRKAA1,267,DDX3X;S261;,0.390885006112706,False,False,False
PRKAA1,268,MAP1B;S1389;,0.390062675353141,False,False,False
PRKAA1,269,CLIP1;S159;,0.389961413738649,False,False,False
PRKAA1,270,RGD1307838;S900;,0.38867952967737,False,False,False
PRKAA1,271,PLEC;S4249;,0.388607912167831,False,False,False
PRKAA1,272,GAB2;S143;,0.388531814167937,False,False,False
PRKAA1,273,GATAD2B;S338;,0.387741146045156,False,False,False
PRKAA1,274,LMNA;S424;,0.386888945542015,False,False,False
PRKAA1,275,GSK3A;S21;,0.384373081232632,False,False,False
PRKAA1,276,TNRC6B;S306;,0.383934545063902,False,False,False
PRKAA1,277,NEXN;S280;,0.383362533382374,False,False,False
PRKAA1,278,UBE4B;S88;,0.38275054367666,False,False,False
PRKAA1,279,FLNC;S2147;,0.382537662054046,False,False,False
PRKAA1,280,TMEM245;S327;,0.382508652765451,False,False,False
PRKAA1,281,EIF3A;S584;,0.382429158137342,False,False,False
PRKAA1,282,CEP68;S503;,0.382307360113392,False,False,False
PRKAA1,283,PHF1;S410;,0.381766194086042,False,False,False
PRKAA1,284,ZZEF1;S1535;,0.381627599877307,False,False,False
PRKAA1,285,FHOD1;S504;,0.378043075308443,False,False,False
PRKAA1,286,PEX1;S1209;,0.377796223211973,False,False,False
PRKAA1,287,MAP1S;S683;,0.377673474283895,False,False,False
PRKAA1,288,WWC3;S955;,0.375919420457737,False,False,False
PRKAA1,289,CDKN1B;S12;,0.375753850267445,False,False,False
PRKAA1,290,LIMA1;S603;,0.375293475593956,False,False,False
PRKAA1,291,PCM1;S1280;,0.375132901931069,False,False,False
PRKAA1,292,LOC100910104;S475;,0.373668659631966,False,False,False
PRKAA1,293,SMCR7L;S59;,0.373622962248162,False,False,False
PRKAA1,294,AKAP9;S3669;,0.373442423486237,False,False,False
PRKAA1,295,MAP4K4;S591;,0.37323893730899,False,False,False
PRKAA1,296,HDAC6;S21;,0.37218938758639,False,False,False
PRKAA1,297,TBC1D1;T590;,0.372098069059964,False,False,False
PRKAA1,298,SMCR8;S416;,0.371207049639333,False,False,False
PRKAA1,299,HERC1;T1154;,0.370960311725106,False,False,False
PRKAA1,300,PHLDB1;S431;,0.369099875095414,False,False,False
PRKAA1,301,GAB2;S142;,0.368132601739203,False,False,False
PRKAA1,302,ATG2B;S255;,0.367731293211123,False,False,False
PRKAA1,303,LOC683007;S1207;,0.367324292198242,False,False,False
PRKAA1,304,RAVER1;S576;,0.36673471442989,False,False,False
PRKAA1,305,CDC42EP4;S140;,0.366491042754164,False,False,False
PRKAA1,306,GYS1;S728;,0.365820424064938,False,False,False
PRKAA1,307,ZYX;S143;,0.36541346950712,False,False,False
PRKAA1,308,PHIP;S1251;,0.364405530071187,False,False,False
PRKAA1,309,TRAPPC12;S314;,0.364244027893808,False,False,False
PRKAA1,310,CDKN1A;S69;,0.363973641584563,False,False,False
PRKAA1,311,HUWE1;S3639;,0.36210078184829,False,False,False
PRKAA1,312,PI4K2A;S43;,0.361701707713781,False,False,False
PRKAA1,313,RIN2;S494;,0.361323222915349,False,False,False
PRKAA1,314,ATG2B;S240;,0.361283672323821,False,False,False
PRKAA1,315,MUSK;S690;,0.359359864289864,False,False,False
PRKAA1,316,SH3PXD2A;S495;,0.358027957112378,False,False,False
PRKAA1,317,PID1;S230;,0.357892312967553,False,False,False
PRKAA1,318,GBF1;S1786;,0.357608103739182,False,False,False
PRKAA1,319,JMY;S56;,0.357189833488529,False,False,False
PRKAA1,320,CCDC6;S143;,0.356582903803589,False,False,False
PRKAA1,321,MLLT4;S216;,0.355690357803607,False,False,False
PRKAA1,322,HECTD1;S1392;,0.354034854857691,False,False,False
PRKAA1,323,NUP35;S73;,0.354002933577743,False,False,False
PRKAA1,324,PID1;S231;,0.351862369922599,False,False,False
PRKAA1,325,PTPN21;S762;,0.350210850675381,False,False,False
PRKAA1,326,NELFE;S131;,0.349805256012584,False,False,False
PRKAA1,327,NCOR2;S1747;,0.349164240536315,False,False,False
PRKAA1,328,LMNA;S407;,0.348778370830109,False,False,False
PRKAA1,329,ETV3;S139;,0.348729613345981,False,False,False
PRKAA1,330,ZNRF2;S148;,0.34826986258283,False,False,False
PRKAA1,331,FOXK1;S225;,0.347655120968192,False,False,False
PRKAA1,332,AHNAK;S3915;,0.346554734121903,False,False,False
PRKAA1,333,ARHGAP35;S1174;,0.346086238484747,False,False,False
PRKAA1,334,MID1;S96;,0.34557930391996,False,False,False
PRKAA1,335,MACF1;S5293;,0.345428453138513,False,False,False
PRKAA1,336,CAMSAP1;S1154;,0.345140836470436,False,False,False
PRKAA1,337,PAK1;S203;,0.345084493352704,False,False,False
PRKAA1,338,PELO;S55;,0.344865441389928,False,False,False
PRKAA1,339,AHNAK;S177;,0.344851914598916,False,False,False
PRKAA1,340,FRYL;T1959;,0.343523496930499,False,False,False
PRKAA1,341,NACA;S942;,0.343163117226201,False,False,False
PRKAA1,342,FHOD1;S501;,0.342225696785474,False,False,False
PRKAA1,343,ATG2A;S1246;,0.342117079575534,False,False,False
PRKAA1,344,MTSS1L;S575;,0.341482670442724,False,False,False
PRKAA1,345,SCRIB;S1315;,0.341289836955363,False,False,False
PRKAA1,346,DUSP27;S370;,0.341111355717173,False,False,False
PRKAA1,347,FRMD8;S21;,0.340813185114646,False,False,False
PRKAA1,348,TACC2;S575;,0.340598037443657,False,False,False
PRKAA1,349,RAF1;S295;,0.340527294720645,False,False,False
PRKAA1,350,ZC3HC1;T351;,0.339136790250698,False,False,False
PRKAA1,351,PI4K2A;S46;,0.338448370549447,False,False,False
PRKAA1,352,HUWE1;S3898;,0.338144461486807,False,False,False
PRKAA1,353,DOCK7;S2107;,0.337753383192829,False,False,False
PRKAA1,354,PTRF;S171;,0.336282672927338,False,False,False
PRKAA1,355,KDM2A;S718;,0.336010169856267,False,False,False
PRKAA1,356,FBXO30;S379;,0.335958211742193,False,False,False
PRKAA1,357,DTNA;S606;,0.335504698747796,False,False,False
PRKAA1,358,IREB2;S178;,0.334467116797647,False,False,False
PRKAA1,359,DDX19A;S86;,0.333971285338903,False,False,False
PRKAA1,360,ABI2;S168;,0.332406004019933,False,False,False
PRKAA1,361,EIF4B;S424;,0.331557385421118,False,False,False
PRKAA1,362,EIF4B;S425;,0.331455740053125,False,False,False
PRKAA1,363,LOC312502;S483;,0.331202377573647,False,False,False
PRKAA1,364,PRRC2A;S765;,0.330294087473625,False,False,False
PRKAA1,365,FHOD1;S513;,0.330005537591851,False,False,False
PRKAA1,366,GSK3A;S41;,0.328854850756303,False,False,False
PRKAA1,367,EHD4;S459;,0.328067594481247,False,False,False
PRKAA1,368,DYNC1I2;S81;,0.32799161804125,False,False,False
PRKAA1,369,HIRIP3;S27;,0.327613411066421,False,False,False
PRKAA1,370,SOX6;S399;,0.327279831559252,False,False,False
PRKAA1,371,SVIL;S1177;,0.326476438723218,False,False,False
PRKAA1,372,GIGYF1;S28;,0.326282912122259,False,False,False
PRKAA1,373,ZNRF2;S154;,0.326121994307963,False,False,False
PRKAA1,374,ZYX;S144;,0.325477520192756,False,False,False
PRKAA1,375,PXN;S83;,0.324057114134606,False,False,False
PRKAA1,376,EIF4B;T420;,0.324000729646589,False,False,False
PRKAA1,377,MON2;S197;,0.322161733354173,False,False,False
PRKAA1,378,MED1;S1468;,0.321911875351937,False,False,False
PRKAA1,379,AHNAK2;S425;,0.321218681114598,False,False,False
PRKAA1,380,CAMSAP1;S517;,0.320799291290834,False,False,False
PRKAA1,381,ZFYVE16;S903;,0.319940850254737,False,False,False
PRKAA1,382,LOC100911178;S1643;,0.31967300322375,False,False,False
PRKAA1,383,RNF40;S586;,0.319438417186689,False,False,False
PRKAA1,384,NCAPH;S24;,0.319307024789195,False,False,False
PRKAA1,385,TBC1D16;S382;,0.318902785378857,False,False,False
PRKAA1,386,CHAMP1;S532;,0.3181232964097,False,False,False
PRKAA1,387,SUN2;S12;,0.318098444836802,False,False,False
PRKAA1,388,LOC100910104;S719;,0.317547250559377,False,False,False
PRKAA1,389,MAF1;S60;,0.316937641420607,False,False,False
PRKAA1,390,AHNAK;S5243;,0.315629921686833,False,False,False
PRKAA1,391,PBXIP1;S133;,0.314958051741223,False,False,False
PRKAA1,392,TRAK1;S390;,0.314904267909091,False,False,False
PRKAA1,393,FOSL2;S320;,0.314658199654202,False,False,False
PRKAA1,394,SGTA;S308;,0.314343425441594,False,False,False
PRKAA1,395,GAB2;T388;,0.314069331780039,False,False,False
PRKAA1,396,STK11IP;S443;,0.313612724840209,False,False,False
PRKAA1,397,TJP1;S1602;,0.313585108654029,False,False,False
PRKAA1,398,SRRM2;S2228;,0.313511440150767,False,False,False
PRKAA1,399,LRRFIP2;S18;,0.31321712245884,False,False,False
PRKAA1,400,NACA;S1125;,0.312712186508338,False,False,False
PRKAA1,401,SH3D19;S274;,0.312320715579148,False,False,False
PRKAA1,402,MARK3;S593;,0.312299858237942,False,False,False
PRKAA1,403,TRIO;S2463;,0.312068456398138,False,False,False
PRKAA1,404,NCOR1;S363;,0.311856460475217,False,False,False
PRKAA1,405,FOXK2;T200;,0.311453486553656,False,False,False
PRKAA1,406,LOC685707;S1251;,0.311277040886212,False,False,False
PRKAA1,407,STK3;S385;,0.310933843778965,False,False,False
PRKAA1,408,ULK1;S477;,0.310766641669623,False,False,False
PRKAA1,409,CEP68;S510;,0.309810342444959,False,False,False
PRKAA1,410,MAP1B;S1257;,0.309438381264418,False,False,False
PRKAA1,411,ZC3HAV1;S544;,0.308725301658893,False,False,False
PRKAA1,412,AKAP11;S23;,0.307974269911472,False,False,False
PRKAA1,413,ARHGEF12;S341;,0.307544413936184,False,False,False
PRKAA1,414,BAZ2A;S1388;,0.307515879666354,False,False,False
PRKAA1,415,STMN1;S16;,0.306726828169938,False,False,False
PRKAA1,416,STMN1;S38;,0.306690876686096,False,False,False
PRKAA1,417,TRIO;S2459;,0.306028942384155,False,False,False
PRKAA1,418,ATXN2L;S447;,0.305291002585023,False,False,False
PRKAA1,419,SNX8;S454;,0.304834083778916,False,False,False
PRKAA1,420,NACA;S914;,0.304144376305824,False,False,False
PRKAA1,421,PPP1R13L;S154;,0.303836582399204,False,False,False
PRKAA1,422,ZC3HAV1;S325;,0.302450828260874,False,False,False
PRKAA1,423,ATXN2L;S109;,0.302274352251397,False,False,False
PRKAA1,424,AKAP11;S21;,0.301879223819729,False,False,False
PRKAA1,425,CIC;S1399;,0.301600392377608,False,False,False
PRKAA1,426,STRN3;S227;,0.301396390155286,False,False,False
PRKAA1,427,MBD3;S86;,0.300099582464777,False,False,False
PRKAA1,428,PI4K2A;S50;,0.299687293292041,False,False,False
PRKAA1,429,PAK1;S144;,0.299574180829696,False,False,False
PRKAA1,430,PTRF;S169;,0.29949452214472,False,False,False
PRKAA1,431,SRSF11;S200;,0.299162741768015,False,False,False
PRKAA1,432,ZC3HC1;S343;,0.298882713084933,False,False,False
PRKAA1,433,PDAP1;S178;,0.29882528695141,False,False,False
PRKAA1,434,PIEZO1;S1370;,0.29848004278393,False,False,False
PRKAA1,435,PATL1;S184;,0.298014644072847,False,False,False
PRKAA1,436,PUM2;S82;,0.297519668875585,False,False,False
PRKAA1,437,LOC100912115;S649;,0.297478960243097,False,False,False
PRKAA1,438,MED1;S1465;,0.296767861535498,False,False,False
PRKAA1,439,MUSK;S689;,0.29656394714008,False,False,False
PRKAA1,440,ZZEF1;S1516;,0.29653334647439,False,False,False
PRKAA1,441,ADNP;S971;,0.296155425498844,False,False,False
PRKAA1,442,CDC42EP2;S141;,0.295663178850949,False,False,False
PRKAA1,443,STAT3;S727;,0.295369313604163,False,False,False
PRKAA1,444,PCM1;S380;,0.295149711058421,False,False,False
PRKAA1,445,NACA;S1454;,0.293630305062121,False,False,False
PRKAA1,446,CDKN1B;S7;,0.293581213394436,False,False,False
PRKAA1,447,PARVA;S14;,0.29334689591717,False,False,False
PRKAA1,448,TNRC6B;S421;,0.293290937982045,False,False,False
PRKAA1,449,HBP1;S401;,0.292992681061391,False,False,False
PRKAA1,450,ARHGEF5;S721;,0.29279279515183,False,False,False
PRKAA1,451,MYBBP1A;S1283;,0.292465331869514,False,False,False
PRKAA1,452,PPP1R13L;S110;,0.292412629115745,False,False,False
PRKAA1,453,MPRIP;S369;,0.29235120545924,False,False,False
PRKAA1,454,AHNAK;S4597;,0.292171620779892,False,False,False
PRKAA1,455,LMNA;S406;,0.292071747781845,False,False,False
PRKAA1,456,BRD8;S274;,0.290529485760582,False,False,False
PRKAA1,457,ARHGEF12;S337;,0.290359823431377,False,False,False
PRKAA1,458,SENP7;S47;,0.289989294091369,False,False,False
PRKAA1,459,RGD1309586;S243;,0.289472430146565,False,False,False
PRKAA1,460,LOC683007;S1204;,0.289030295758764,False,False,False
PRKAA1,461,SOX6;S402;,0.28893792912793,False,False,False
PRKAA1,462,BAG3;S388;,0.288845287589645,False,False,False
PRKAA1,463,TSSC4;S190;,0.288244100346038,False,False,False
PRKAA1,464,MKL1;S571;,0.287347012412007,False,False,False
PRKAA1,465,LIMA1;S608;,0.287063022408733,False,False,False
PRKAA1,466,PACS2;S319;,0.286810569978006,False,False,False
PRKAA1,467,CDC42EP2;S137;,0.286731409181936,False,False,False
PRKAA1,468,ZC3HAV1;S307;,0.28618834184777,False,False,False
PRKAA1,469,GIT2;S568;,0.286033178820326,False,False,False
PRKAA1,470,HELB;S944;,0.285658369237145,False,False,False
PRKAA1,471,SCRIB;S1529;,0.284742150649654,False,False,False
PRKAA1,472,GAB2;S365;,0.284430464862601,False,False,False
PRKAA1,473,RGD1307838;S903;,0.283951542655137,False,False,False
PRKAA1,474,PSMC3;S12;,0.283785992780457,False,False,False
PRKAA1,475,FHOD1;S489;,0.283735333366151,False,False,False
PRKAA1,476,PBXIP1;S132;,0.283718346754953,False,False,False
PRKAA1,477,AKAP10;S278;,0.283514820103665,False,False,False
PRKAA1,478,ARHGAP22;S200;,0.283499900154323,False,False,False
PRKAA1,479,ARFGAP2;S145;,0.28322948087355,False,False,False
PRKAA1,480,RGD1566017;S802;,0.282662667054715,False,False,False
PRKAA1,481,SIK2;S673;,0.282623618086568,False,False,False
PRKAA1,482,MLL2;S2291;,0.282237211793208,False,False,False
PRKAA1,483,NFIX;S265;,0.281418292092132,False,False,False
PRKAA1,484,DLG2;S323;,0.281191741221762,False,False,False
PRKAA1,485,CCDC91;S71;,0.28044307659113,False,False,False
PRKAA1,486,ZYX;S336;,0.278796043265804,False,False,False
PRKAA1,487,DCAF6;S336;,0.278787688851465,False,False,False
PRKAA1,488,SOX6;T401;,0.278498521457908,False,False,False
PRKAA1,489,RUNX1T1;T568;,0.278183127072129,False,False,False
PRKAA1,490,PPP6R2;S719;,0.278038935778145,False,False,False
PRKAA1,491,RAPGEF1;S308;,0.277658132660275,False,False,False
PRKAA1,492,SAMD4B;S271;,0.27643281749305,False,False,False
PRKAA1,493,RRP1B;S524;,0.275947610185406,False,False,False
PRKAA1,494,MED1;S1467;,0.275785361468898,False,False,False
PRKAA1,495,ARHGAP5;S967;,0.275151012092968,False,False,False
PRKAA1,496,PHF1;S415;,0.274284764322155,False,False,False
PRKAA1,497,DAB2IP;S802;,0.273703875662115,False,False,False
PRKAA1,498,LOC100911302;S1721;,0.272850380868068,False,False,False
PRKAA1,499,RABGEF1;T142;,0.272806655915495,False,False,False
PRKAA1,500,ABCC4;S604;,0.272384196014295,False,False,False
PRKAA1,501,ADD1;S613;,0.27170493096495,False,False,False
PRKAA1,502,USP10;S224;,0.270402991372448,False,False,False
PRKAA1,503,TJP2;S147;,0.27026558258671,False,False,False
PRKAA1,504,RPS6KB1;S404;,0.269499084503132,False,False,False
PRKAA1,505,PNISR;S290;,0.268556683484467,False,False,False
PRKAA1,506,AJUBA;S129;,0.268378338888856,False,False,False
PRKAA1,507,RPTOR;S863;,0.267760058810596,False,False,False
PRKAA1,508,PSMC3;S9;,0.267133239324944,False,False,False
PRKAA1,509,LIMA1;S360;,0.267063039292481,False,False,False
PRKAA1,510,RBM3;S145;,0.265392862437269,False,False,False
PRKAA1,511,PPP1R13L;S360;,0.263616962173538,False,False,False
PRKAA1,512,ATG14;S5;,0.263210143146559,False,False,False
PRKAA1,513,LDB3;S112;,0.263165128440801,False,False,False
PRKAA1,514,SORBS1;S857;,0.263125109952564,False,False,False
PRKAA1,515,IRF2BPL;S69;,0.261386683907071,False,False,False
PRKAA1,516,LRRFIP2;T136;,0.261275096788633,False,False,False
PRKAA1,517,NACA;S1345;,0.261051792719216,False,False,False
PRKAA1,518,RB1CC1;S243;,0.260835296513671,False,False,False
PRKAA1,519,BAG3;S387;,0.260194301120253,False,False,False
PRKAA1,520,RTF1;S416;,0.259207979283758,False,False,False
PRKAA1,521,CAP2;S301;,0.258558869730299,False,False,False
PRKAA1,522,TRIP12;T1454;,0.258439792330029,False,False,False
PRKAA1,523,ABLIM3;S566;,0.256951717029784,False,False,False
PRKAA1,524,DLG2;S328;,0.256366315407997,False,False,False
PRKAA1,525,AKT1S1;T247;,0.256217937452953,False,False,False
PRKAA1,526,AHNAK;T4049;,0.254524767894415,False,False,False
PRKAA1,527,EIF4EBP1;S64;,0.253775997073033,False,False,False
PRKAA1,528,BCL9L;S25;,0.252621828435167,False,False,False
PRKAA1,529,AKT1S1;S184;,0.252604596089939,False,False,False
PRKAA1,530,LOC312502;S1164;,0.251852635343292,False,False,False
PRKAA1,531,FAM120C;S55;,0.251475322889604,False,False,False
PRKAA1,532,SETD2;S511;,0.249956350181203,False,False,False
PRKAA1,533,UBE2O;S835;,0.249011679018469,False,False,False
PRKAA1,534,SMG6;S537;,0.248277718539828,False,False,False
PRKAA1,535,SAP30L;T91;,0.247843735636315,False,False,False
PRKAA1,536,HUWE1;S1876;,0.247028167817718,False,False,False
PRKAA1,537,DAP;S2;,0.245589763166192,False,False,False
PRKAA1,538,BSDC1;S216;,0.245416674466834,False,False,False
PRKAA1,539,PHF2;S782;,0.240150419153316,False,False,False
PRKAA1,540,AHNAK;S2060;,0.239749041315305,False,False,False
PRKAA1,541,CACNB1;S53;,0.239631737745261,False,False,False
PRKAA1,542,SRRM2;S2338;,0.239362450562308,False,False,False
PRKAA1,543,AGAP3;S107;,0.239007666673046,False,False,False
PRKAA1,544,BRAF;S134;,0.237642480037826,False,False,False
PRKAA1,545,TJP1;S1604;,0.237589694711998,False,False,False
PRKAA1,546,PPP1R12C;S508;,0.23730906427894,False,False,False
PRKAA1,547,LIMA1;S703;,0.234144926528387,False,False,False
PRKAA1,548,AHNAK;S42;,0.232582279761092,False,False,False
PRKAA1,549,PID1;S242;,0.232437562793255,False,False,False
PRKAA1,550,STMN1;S25;,0.231970194382635,False,False,False
PRKAA1,551,NES;S620;,0.231914153924525,False,False,False
PRKAA1,552,FOSL2;T322;,0.231478701963496,False,False,False
PRKAA1,553,BAIAP2L1;S218;,0.229061318224369,False,False,False
PRKAA1,554,DAP;S3;,0.228010012278,False,False,False
PRKAA1,555,CALD1;S527;,0.224689086833743,False,False,False
PRKAA1,556,BRD8;T270;,0.223557519238069,False,False,False
PRKAA1,557,SFPQ;T586;,0.223123997111727,False,False,False
PRKAA1,558,ARFGEF2;S214;,0.222932326652903,False,False,False
PRKAA1,559,FHOD1;S523;,0.22038344632206,False,False,False
PRKAA1,560,NHSL1;T1376;,0.217864037946226,False,False,False
PRKAA1,561,EIF4EBP2;S2;,0.21757923065821,False,False,False
PRKAA1,562,SHC3;S359;,0.216366116500872,False,False,False
PRKAA1,563,NES;S1123;,0.212264423012649,False,False,False
PRKAA1,564,HUWE1;T3903;,0.21190369339336,False,False,False
PRKAA1,565,PIK3C2A;S261;,0.211851288841821,False,False,False
PRKAA1,566,ADD1;T614;,0.207948121400997,False,False,False
PRKAA1,567,HN1L;S97;,0.206091813349427,False,False,False
PRKAA1,568,PDLIM7;S209;,0.20573170572151,False,False,False
PRKAA1,569,ULK1;S450;,0.198875362094676,False,False,False
PRKAA1,570,KDM2A;T713;,0.195452028046898,False,False,False
PRKAA1,571,MAP1A;T504;,0.190803727078909,False,False,False
PRKAA1,572,TENC1;T996;,0.189204640456518,False,False,False
PRKAA1,573,BICD2;S819;,0.18808541681702,False,False,False
PRKAA1,574,DNAJC2;T48;,0.183562024620737,False,False,False
PRKAA1,575,LARP1;T932;,0.181540244913015,False,False,False
PRKAA1,576,PDXDC1;T554;,0.181438860672912,False,False,False
PRKAA1,577,MAP1A;T2177;,0.178879057184742,False,False,False
PRKAA1,578,MYOZ2;T32;,0.177397516019264,False,False,False
PRKAA1,579,KPNA1;S2;,0.17590948300963,False,False,False
PRKAA1,580,MARK3;T594;,0.173814476681314,False,False,False
PRKAA1,581,DNAJC25;T353;,0.16723855186811,False,False,False
PRKAA1,582,RRP1B;T521;,0.163568228018357,False,False,False
PRKAA1,583,RAI14;T249;,0.148880195305934,False,False,False
PRKAA1,584,AHNAK2;T438;,0.14558484068377,False,False,False
PRKAA1,585,MAPK14;Y182;,0.140146525119518,False,False,False
PRKAA1,586,PDLIM7;T215;,0.132844422507282,False,False,False
PRKAA1,587,PDLIM7;T214;,0.127547885686929,False,False,False
PRKAA1,588,MAPK1;Y185;,0.0902187631978659,False,False,False
PRKAA1,589,KPNA1;T3;,0.0368535907381089,False,False,False
MAPK1,1,DYNC1I2;S81;,0.982644111569738,True,True,True
MAPK1,2,HUWE1;S3898;,0.968460273299205,True,True,True
MAPK1,3,GBF1;S1786;,0.967684069365473,True,True,True
MAPK1,4,PARVA;S14;,0.967211484912021,True,True,True
MAPK1,5,BCL9L;S25;,0.965609049556566,True,True,True
MAPK1,6,TMEM245;S327;,0.960428576847431,True,True,True
MAPK1,7,MAP1S;S683;,0.955983588882587,True,True,True
MAPK1,8,CEP68;S510;,0.955734163655893,True,True,True
MAPK1,9,MYOZ2;T32;,0.951550937211769,True,True,True
MAPK1,10,PI4K2A;S50;,0.949573956038501,True,True,True
MAPK1,11,HUWE1;T3903;,0.949395753835354,True,True,True
MAPK1,12,SAMD4B;S271;,0.948273649807389,True,True,True
MAPK1,13,TACC2;S575;,0.947258375258986,True,True,True
MAPK1,14,DLG2;S323;,0.946788889159743,True,True,True
MAPK1,15,PPP1R13L;S360;,0.946713416182004,True,True,True
MAPK1,16,BRD8;S274;,0.945704579923155,True,True,True
MAPK1,17,AKAP2;S152;,0.941059502441778,True,True,True
MAPK1,18,ETL4;S1844;,0.9346905103455,True,True,True
MAPK1,19,KDM2A;S718;,0.92935670243991,True,True,True
MAPK1,20,NACA;S914;,0.927717638857187,True,True,True
MAPK1,21,LIMA1;S608;,0.926779503583434,True,True,True
MAPK1,22,PPP1R13L;S110;,0.92598857957402,True,True,True
MAPK1,23,GIGYF1;S28;,0.92507084443912,True,True,True
MAPK1,24,FHOD1;S501;,0.925032604474314,True,True,True
MAPK1,25,LOC685707;S1251;,0.924697134697948,True,True,True
MAPK1,26,ATXN2L;S447;,0.923166099436719,True,True,True
MAPK1,27,PDXDC1;T554;,0.919325555809197,True,True,True
MAPK1,28,NHSL1;T1376;,0.919302792731659,True,True,True
MAPK1,29,PHF1;S415;,0.918255513942424,True,True,True
MAPK1,30,PIEZO1;S1370;,0.917889828746085,True,True,True
MAPK1,31,KDM2A;T713;,0.917224380480247,False,True,False
MAPK1,32,GYS1;S728;,0.916716484546421,False,True,False
MAPK1,33,MACF1;S5293;,0.916424082748398,False,True,False
MAPK1,34,LIMA1;S360;,0.913111852428478,False,True,False
MAPK1,35,SNX8;S454;,0.912564083186925,False,True,False
MAPK1,36,MID1;S96;,0.911166120469338,False,True,False
MAPK1,37,MYBBP1A;S1283;,0.910127402217891,False,True,False
MAPK1,38,MLL2;S2291;,0.91009163153723,False,True,False
MAPK1,39,MAP1B;S1257;,0.908140888679965,False,True,False
MAPK1,40,PDLIM7;T215;,0.908138901664818,False,True,False
MAPK1,41,CHAMP1;S532;,0.906899915250205,False,True,False
MAPK1,42,SMCR7L;S59;,0.905488325164913,False,True,False
MAPK1,43,ZZEF1;S1516;,0.902244159337687,False,True,False
MAPK1,44,PHF2;S782;,0.901051685161979,False,True,False
MAPK1,45,CAMSAP1;S1154;,0.8994615252517,False,True,False
MAPK1,46,ADD1;T614;,0.896400114763471,False,True,False
MAPK1,47,USP10;S224;,0.896328895483028,False,True,False
MAPK1,48,LIMA1;S703;,0.895427807216883,False,True,False
MAPK1,49,AJUBA;S129;,0.895157373204788,False,True,False
MAPK1,50,LARP1;T932;,0.894125073414068,False,True,False
MAPK1,51,BAZ2A;S1388;,0.892501043263067,False,True,False
MAPK1,52,SOX6;S402;,0.891576208858657,False,True,False
MAPK1,53,STAT3;S727;,0.891429828148426,False,True,False
MAPK1,54,ARHGAP22;S200;,0.890217125254111,False,True,False
MAPK1,55,RPTOR;S863;,0.890167791554304,False,True,False
MAPK1,56,HDAC6;S21;,0.889487658620881,False,True,False
MAPK1,57,UBE2O;S835;,0.888950016244384,False,True,False
MAPK1,58,ATXN2L;S109;,0.888393458935965,False,True,False
MAPK1,59,PSMC3;S9;,0.886309960376346,False,True,False
MAPK1,60,PXN;S83;,0.883964243380636,False,True,False
MAPK1,61,PPP6R2;S629;,0.883056770516948,False,True,False
MAPK1,62,HELB;S944;,0.882533701382786,False,True,False
MAPK1,63,SCRIB;S1315;,0.882370046456033,False,True,False
MAPK1,64,GAB2;S143;,0.881667549537676,False,True,False
MAPK1,65,STMN1;S38;,0.880002859413669,False,True,False
MAPK1,66,TJP1;S1602;,0.879798439752243,False,True,False
MAPK1,67,MAP1B;S1393;,0.879044215454271,False,True,False
MAPK1,68,PPP1R12C;S508;,0.878724798973684,False,True,False
MAPK1,69,LOC312502;S483;,0.877915505484003,False,True,False
MAPK1,70,TRIO;S2463;,0.877373066134208,False,True,False
MAPK1,71,DDX19A;S86;,0.877342835178831,False,True,False
MAPK1,72,SH3D19;S274;,0.876462176445015,False,True,False
MAPK1,73,PSMC3;S12;,0.875263213226891,False,True,False
MAPK1,74,MPRIP;S369;,0.873473841908358,False,True,False
MAPK1,75,MAP1A;T504;,0.873249848338907,False,True,False
MAPK1,76,BRAF;S134;,0.871873328481198,False,True,False
MAPK1,77,FHOD1;S523;,0.87109443273104,False,True,False
MAPK1,78,CCDC6;S143;,0.870909277541676,False,True,False
MAPK1,79,LOC683007;S1204;,0.870571738507286,False,True,False
MAPK1,80,GATAD2B;S338;,0.868467140818358,False,True,False
MAPK1,81,HERC1;S1163;,0.867647120110016,False,True,False
MAPK1,82,FAM120C;S55;,0.867481117151026,False,True,False
MAPK1,83,NACA;S1454;,0.867093759843231,False,True,False
MAPK1,84,SOX6;S399;,0.866763894264485,False,True,False
MAPK1,85,ZNRF2;S154;,0.86456069270908,False,True,False
MAPK1,86,PUM2;S82;,0.864474808027463,False,True,False
MAPK1,87,NACA;S1345;,0.863380597762887,False,True,False
MAPK1,88,DAB2IP;S802;,0.863303568401722,False,True,False
MAPK1,89,BICD2;S611;,0.861045808687057,False,True,False
MAPK1,90,MAP1A;T2177;,0.860495773208094,False,True,False
MAPK1,91,RRP1B;S524;,0.860462356629345,False,True,False
MAPK1,92,FHOD1;S504;,0.860084265898418,False,True,False
MAPK1,93,NACA;S1125;,0.86004374237978,False,True,False
MAPK1,94,LOC100910104;S719;,0.857671360402533,False,True,False
MAPK1,95,MAP1B;S1389;,0.856738416777165,False,True,False
MAPK1,96,STMN1;S25;,0.856173599546945,False,True,False
MAPK1,97,BAG3;S388;,0.853194947140908,False,True,False
MAPK1,98,CDC42EP2;S141;,0.852429807677521,False,True,False
MAPK1,99,WIPF2;S235;,0.851484906233327,False,True,False
MAPK1,100,MAF1;S60;,0.850685089822619,False,True,False
MAPK1,101,FOSL2;S320;,0.847849293225224,False,True,False
MAPK1,102,FOXK1;S225;,0.847255688573424,False,True,False
MAPK1,103,MKL1;S571;,0.846054859931495,False,True,False
MAPK1,104,PACS2;S319;,0.845782606587982,False,True,False
MAPK1,105,LOC100911302;S1721;,0.845203676385279,False,True,False
MAPK1,106,NACA;S1720;,0.844017965118006,False,True,False
MAPK1,107,NUP35;S73;,0.843471559825294,False,True,False
MAPK1,108,SETD2;S511;,0.842014728446718,False,True,False
MAPK1,109,AGAP3;S107;,0.841552446564878,False,True,False
MAPK1,110,CDC42EP2;S137;,0.839655413292713,False,True,False
MAPK1,111,RAVER1;S576;,0.837850814312254,False,True,False
MAPK1,112,PHF1;S410;,0.835367542504944,False,True,False
MAPK1,113,ZC3HAV1;S307;,0.835083748806632,False,True,False
MAPK1,114,SRSF11;S200;,0.834029123851123,False,True,False
MAPK1,115,AHNAK;S4597;,0.83306770819142,False,True,False
MAPK1,116,ARHGAP5;S1202;,0.832912240660527,False,True,False
MAPK1,117,ULK1;S477;,0.832899203071061,False,True,False
MAPK1,118,PBXIP1;S133;,0.832887947445781,False,True,False
MAPK1,119,LOC100912115;S649;,0.83166505978813,False,True,False
MAPK1,120,PPP6R2;S719;,0.83075782458261,False,True,False
MAPK1,121,ZC3HC1;S343;,0.830694531091924,False,True,False
MAPK1,122,RUFY1;S50;,0.83016134995873,False,True,False
MAPK1,123,MTSS1L;S575;,0.830024320375776,False,True,False
MAPK1,124,TRAK1;S390;,0.827940042309869,False,True,False
MAPK1,125,LIMA1;S603;,0.827328828615779,False,True,False
MAPK1,126,TRAPPC12;S314;,0.827081663578402,False,True,False
MAPK1,127,HBP1;S401;,0.825753267342468,False,True,False
MAPK1,128,TNRC6B;S306;,0.823931716091205,False,True,False
MAPK1,129,ABCC4;S604;,0.822513801949872,False,True,False
MAPK1,130,PATL1;S184;,0.821946248090174,False,True,False
MAPK1,131,IRF2BPL;S69;,0.821619921850106,False,True,False
MAPK1,132,AHNAK;S5243;,0.820837089531303,False,True,False
MAPK1,133,STK11IP;S443;,0.820728930467961,False,True,False
MAPK1,134,SENP7;S47;,0.820699062083809,False,True,False
MAPK1,135,ZYX;S336;,0.820196626392053,False,True,False
MAPK1,136,CLIP1;S159;,0.819315557971039,False,True,False
MAPK1,137,NCOR2;S1747;,0.818902434638976,False,True,False
MAPK1,138,BBX;S243;,0.81730718769579,False,True,False
MAPK1,139,TSSC4;S190;,0.816033923569008,False,True,False
MAPK1,140,SMG6;S537;,0.815888891590801,False,True,False
MAPK1,141,RUNX1T1;T568;,0.815306206706761,False,True,False
MAPK1,142,NCOR1;S363;,0.814287183742628,False,True,False
MAPK1,143,CDC42EP4;S140;,0.814241514522792,False,True,False
MAPK1,144,DLG2;S328;,0.81400757059285,False,True,False
MAPK1,145,FBXO30;S379;,0.813575362329617,False,True,False
MAPK1,146,NACA;S942;,0.813455463397018,False,True,False
MAPK1,147,RB1CC1;S243;,0.813064413342306,False,True,False
MAPK1,148,ULK1;S479;,0.81305381008496,False,True,False
MAPK1,149,LOC312502;S1164;,0.812883271473174,False,True,False
MAPK1,150,ATG2B;S240;,0.812579448408793,False,True,False
MAPK1,151,FMN1;S589;,0.812516451418336,False,True,False
MAPK1,152,SRRM2;S2338;,0.811837903325889,False,True,False
MAPK1,153,SHC3;S359;,0.811538746976192,False,True,False
MAPK1,154,TRIO;S2459;,0.807697686507761,False,True,False
MAPK1,155,TNRC6B;S421;,0.807421145111395,False,True,False
MAPK1,156,PPP1R13L;S154;,0.807359422327058,False,True,False
MAPK1,157,ARFGAP2;S145;,0.806797272373198,False,True,False
MAPK1,158,ATXN2;S622;,0.805219659350369,False,True,False
MAPK1,159,SFPQ;T586;,0.805014287768256,False,True,False
MAPK1,160,SORBS1;S857;,0.80374167706657,False,True,False
MAPK1,161,FOXK2;T200;,0.80347116771941,False,True,False
MAPK1,162,NCAPH;S24;,0.802899766990986,False,True,False
MAPK1,163,AHNAK2;S425;,0.802686010830536,False,True,False
MAPK1,164,ARHGEF12;S341;,0.800654720454469,False,True,False
MAPK1,165,EHD4;S459;,0.800140895795973,False,True,False
MAPK1,166,HN1L;S97;,0.799451099175202,False,True,False
MAPK1,167,MUSK;S690;,0.799206728176513,False,True,False
MAPK1,168,RPS6KA4;S682;,0.795909130528152,False,True,False
MAPK1,169,ARHGAP5;S967;,0.79493726974901,False,True,False
MAPK1,170,ADNP;S971;,0.793052953714483,False,True,False
MAPK1,171,SRRM2;S2228;,0.792936469783644,False,True,False
MAPK1,172,SVIL;S1177;,0.791588326477631,False,True,False
MAPK1,173,RPS6KA3;S715;,0.789620550628715,False,True,False
MAPK1,174,ZC3HAV1;S544;,0.7891899636905,False,True,False
MAPK1,175,STRN3;S227;,0.786925513896991,False,True,False
MAPK1,176,RAI14;T249;,0.786822489507844,False,True,False
MAPK1,177,STARD13;S334;,0.785191112500916,False,True,False
MAPK1,178,ULK1;S450;,0.784542255029229,False,True,False
MAPK1,179,HUWE1;S3639;,0.783516854967611,False,True,False
MAPK1,180,PI4K2A;S46;,0.781832011908375,False,True,False
MAPK1,181,AKAP11;S448;,0.77960658327545,False,True,False
MAPK1,182,GAB2;S365;,0.779356596161513,False,True,False
MAPK1,183,BAIAP2L1;S218;,0.778759124367176,False,True,False
MAPK1,184,AHNAK;S2060;,0.776838115507235,False,True,False
MAPK1,185,HIRIP3;S27;,0.776109798500923,False,True,False
MAPK1,186,CDKN1A;S69;,0.775784632364299,False,True,False
MAPK1,187,RAF1;S296;,0.775641308589457,False,True,False
MAPK1,188,CCDC91;S71;,0.773695804821827,False,True,False
MAPK1,189,SH3PXD2A;S495;,0.77249336322637,False,True,False
MAPK1,190,DTNA;S606;,0.771569463415286,False,True,False
MAPK1,191,AHNAK;S42;,0.77155137377931,False,True,False
MAPK1,192,EIF4EBP1;S64;,0.768261095529311,False,True,False
MAPK1,193,LOC100911178;S1643;,0.766946374869389,False,True,False
MAPK1,194,ATG2B;S255;,0.765866025585173,False,True,False
MAPK1,195,RGD1560225;S763;,0.765056986988998,False,True,False
MAPK1,196,MED1;S1465;,0.764974757663698,False,True,False
MAPK1,197,UBE4B;S88;,0.762157254403716,False,True,False
MAPK1,198,HERC1;T1154;,0.761906342249552,False,True,False
MAPK1,199,STK3;S385;,0.760706695834714,False,True,False
MAPK1,200,RRP1B;T521;,0.760154559903681,False,True,False
MAPK1,201,BRD8;T270;,0.759417234786583,False,True,False
MAPK1,202,PIK3C2A;S261;,0.75781566812433,False,True,False
MAPK1,203,ETV3;S139;,0.75769976802185,False,True,False
MAPK1,204,SVIL;S531;,0.754917589728117,False,True,False
MAPK1,205,CAP2;S301;,0.754494852670796,False,True,False
MAPK1,206,CALD1;S527;,0.754137552915157,False,True,False
MAPK1,207,BAG3;S271;,0.753544902321291,False,True,False
MAPK1,208,ABLIM3;S566;,0.753203460944611,False,True,False
MAPK1,209,AHNAK;S3915;,0.752107865670535,False,True,False
MAPK1,210,ARHGAP39;S284;,0.747645582840659,False,True,False
MAPK1,211,ATG2A;S1246;,0.746478899280438,False,True,False
MAPK1,212,DCAF6;S336;,0.745976637348288,False,True,False
MAPK1,213,AKAP9;S3669;,0.745474019171098,False,True,False
MAPK1,214,RGD1308297;S518;,0.745247123056348,False,True,False
MAPK1,215,NES;S620;,0.745154332969568,False,True,False
MAPK1,216,LDB3;S112;,0.745092969004206,False,True,False
MAPK1,217,GAB2;S142;,0.744632594518118,False,True,False
MAPK1,218,MEF2C;S226;,0.741532333472863,False,True,False
MAPK1,219,MAP1B;T1781;,0.741014718215237,False,True,False
MAPK1,220,DAP;S3;,0.736788233977047,False,True,False
MAPK1,221,AKAP13;S2515;,0.723426249317396,False,True,False
MAPK1,222,PTPN21;S762;,0.718635176230698,False,True,False
MAPK1,223,DDX3X;S261;,0.717662307223223,False,True,False
MAPK1,224,ADD1;S613;,0.714717428548766,False,True,False
MAPK1,225,LOC683007;S1207;,0.709584433827366,False,True,False
MAPK1,226,AHNAK;T4049;,0.702237732019639,False,True,False
MAPK1,227,MED1;S1468;,0.701741818039998,False,True,False
MAPK1,228,PLEC;S4246;,0.701321190903915,False,True,False
MAPK1,229,FAM65A;S752;,0.699128514312285,False,True,False
MAPK1,230,RAF1;S295;,0.696774350247687,False,True,False
MAPK1,231,MAP1A;S1757;,0.69219386240431,False,True,False
MAPK1,232,PXN;S137;,0.688791922472213,False,True,False
MAPK1,233,NFIX;S265;,0.687610860373781,False,True,False
MAPK1,234,MLLT4;S246;,0.686439220870777,False,True,False
MAPK1,235,PTRF;S171;,0.685293722075492,False,True,False
MAPK1,236,POM121;S370;,0.681482702676042,False,True,False
MAPK1,237,PDLIM7;S209;,0.679807548210435,False,True,False
MAPK1,238,PRRC2B;S259;,0.679681276550796,False,True,False
MAPK1,239,CAMSAP1;S517;,0.678770179325372,False,True,False
MAPK1,240,KPNA1;T3;,0.678134975112432,False,True,False
MAPK1,241,EIF4B;S425;,0.678118164309273,False,True,False
MAPK1,242,LARP1;S916;,0.677782212223614,False,True,False
MAPK1,243,HECTD1;S1393;,0.675879347675691,False,True,False
MAPK1,244,TFE3;S531;,0.675214121260207,False,True,False
MAPK1,245,PHLDB1;S534;,0.674465018832383,False,True,False
MAPK1,246,SOS1;S1120;,0.67136072047542,False,True,False
MAPK1,247,HECTD1;S1392;,0.669759048278434,False,True,False
MAPK1,248,LMNA;S407;,0.669369559332227,False,True,False
MAPK1,249,TANC2;S1447;,0.669121065346782,False,True,False
MAPK1,250,PDLIM7;T214;,0.667079030946458,False,True,False
MAPK1,251,PCM1;S384;,0.667029951280346,False,True,False
MAPK1,252,PTRF;S169;,0.665804797228534,False,True,False
MAPK1,253,NDRG1;S330;,0.665671997634144,False,True,False
MAPK1,254,ARHGAP17;S710;,0.662747568953101,False,True,False
MAPK1,255,GAB2;S211;,0.662658333649163,False,True,False
MAPK1,256,LMNA;S404;,0.661294798687324,False,True,False
MAPK1,257,ZZEF1;S1535;,0.661022320353101,False,True,False
MAPK1,258,DUSP27;S366;,0.660915408604935,False,True,False
MAPK1,259,ARHGAP22;S236;,0.660804992948079,False,True,False
MAPK1,260,ZFYVE16;S903;,0.659904147572899,False,True,False
MAPK1,261,PFKFB2;S469;,0.65980357228163,False,True,False
MAPK1,262,ZNRF2;S81;,0.659323035269958,False,True,False
MAPK1,263,ZNRF2;S148;,0.657494870554977,False,True,False
MAPK1,264,AKAP10;S278;,0.657298113586235,False,True,False
MAPK1,265,MARCKS;S141;,0.65603400274225,False,True,False
MAPK1,266,ITSN1;S1063;,0.656015012198828,False,True,False
MAPK1,267,WNK1;S165;,0.655931915439032,False,True,False
MAPK1,268,AFF4;S823;,0.655905506954419,False,True,False
MAPK1,269,MAP4K4;S591;,0.653557240162343,False,True,False
MAPK1,270,ARHGAP35;S1174;,0.651184690720111,False,True,False
MAPK1,271,RAPGEF1;S306;,0.64890315001277,False,True,False
MAPK1,272,PCM1;S1280;,0.648652070857595,False,True,False
MAPK1,273,MARK3;S593;,0.647885605663385,False,True,False
MAPK1,274,LMNA;S424;,0.647087274733327,False,True,False
MAPK1,275,CDKN1B;S7;,0.647066231680611,False,True,False
MAPK1,276,RGD1561609;S759;,0.646867027311441,False,True,False
MAPK1,277,ZNRF2;S18;,0.646436561731941,False,True,False
MAPK1,278,ZYX;S144;,0.646349493480601,False,True,False
MAPK1,279,SIPA1L1;S288;,0.646144032307801,False,True,False
MAPK1,280,SMCR8;S416;,0.645732016165504,False,True,False
MAPK1,281,NDRG2;T334;,0.645446413071019,False,True,False
MAPK1,282,PI4K2A;S461;,0.645113444508173,False,True,False
MAPK1,283,SH3BP5;S420;,0.644666834696718,False,True,False
MAPK1,284,LOC100910646;S166;,0.64392456903609,False,True,False
MAPK1,285,NUMA1;S1958;,0.643583307558312,False,True,False
MAPK1,286,PLEC;S4249;,0.643374900287819,False,True,False
MAPK1,287,UBA1;S13;,0.642580801942047,False,True,False
MAPK1,288,MYCBP2;S2750;,0.64232118468368,False,True,False
MAPK1,289,TENC1;T996;,0.642022153814569,False,True,False
MAPK1,290,HUWE1;S1876;,0.641354794002695,False,True,False
MAPK1,291,RIN2;S494;,0.640723982117396,False,True,False
MAPK1,292,PRRC2A;S765;,0.64047359796282,False,True,False
MAPK1,293,PHLDB1;S431;,0.639568130269756,False,True,False
MAPK1,294,SGTA;S308;,0.639097251294086,False,True,False
MAPK1,295,AHNAK;S211;,0.638897559361428,False,True,False
MAPK1,296,EIF4B;S424;,0.638036083458285,False,True,False
MAPK1,297,EPS8;S659;,0.638018678841212,False,True,False
MAPK1,298,CBX5;S93;,0.637811860882097,False,True,False
MAPK1,299,ZC3HAV1;S325;,0.637769469893873,False,True,False
MAPK1,300,FLNC;S2234;,0.637097619342607,False,True,False
MAPK1,301,PID1;S230;,0.636976162485924,False,True,False
MAPK1,302,CACNB1;S53;,0.636885473920901,False,True,False
MAPK1,303,EIF4B;S422;,0.636818517273671,False,True,False
MAPK1,304,PELO;S55;,0.636704996466078,False,True,False
MAPK1,305,GIT2;S568;,0.636587491277293,False,True,False
MAPK1,306,AZI1;S114;,0.636290930353721,False,True,False
MAPK1,307,PI4K2A;S43;,0.635923801840655,False,True,False
MAPK1,308,HBS1L;S147;,0.635757995281048,False,True,False
MAPK1,309,DYNC1H1;S4365;,0.63571299558182,False,True,False
MAPK1,310,GAB1;S418;,0.634959861164345,False,True,False
MAPK1,311,PARD3;S715;,0.634316732398626,False,True,False
MAPK1,312,PAK1;S144;,0.634254094620043,False,True,False
MAPK1,313,RPS6KB1;S404;,0.633580863464463,False,True,False
MAPK1,314,ABI2;S168;,0.633061529534973,False,True,False
MAPK1,315,AKAP11;S21;,0.632777982084101,False,True,False
MAPK1,316,ARHGEF12;S337;,0.632633175167566,False,True,False
MAPK1,317,PDCD4;S76;,0.632588950394371,False,True,False
MAPK1,318,SPAG9;S203;,0.632182523205771,False,True,False
MAPK1,319,DOCK7;S2107;,0.630244422619957,False,True,False
MAPK1,320,RFX7;S1177;,0.62963270115137,False,True,False
MAPK1,321,PHLDB2;S241;,0.629388443242728,False,True,False
MAPK1,322,MED24;S861;,0.629109594442335,False,True,False
MAPK1,323,SZT2;S1641;,0.628181496273259,False,True,False
MAPK1,324,PCM1;S380;,0.627295949823133,False,True,False
MAPK1,325,CIC;S1399;,0.627236215923315,False,True,False
MAPK1,326,ARHGEF5;S721;,0.627097414570577,False,True,False
MAPK1,327,TBC1D16;S382;,0.626780709724448,False,True,False
MAPK1,328,MED24;S860;,0.626559262127202,False,True,False
MAPK1,329,PXN;S106;,0.626071681778109,False,True,False
MAPK1,330,FHOD1;S489;,0.625878270929847,False,True,False
MAPK1,331,AAK1;S677;,0.625435623793438,False,True,False
MAPK1,332,LRRFIP2;S18;,0.62531683022785,False,True,False
MAPK1,333,PDAP1;S176;,0.625006280742516,False,True,False
MAPK1,334,NELFE;S131;,0.624409008697082,False,True,False
MAPK1,335,PTPN21;S599;,0.623030903591968,False,True,False
MAPK1,336,BAG3;S387;,0.622794424256284,False,True,False
MAPK1,337,UBA5;S380;,0.622036993759603,False,True,False
MAPK1,338,PDCD4;S420;,0.621335880858366,False,True,False
MAPK1,339,IREB2;S178;,0.621270299396027,False,True,False
MAPK1,340,SYNPO2L;S401;,0.621004282361817,False,True,False
MAPK1,341,TNKS1BP1;S1642;,0.620964082915266,False,True,False
MAPK1,342,DBNDD1;S123;,0.620435302088717,False,True,False
MAPK1,343,ZC3HC1;T351;,0.619416083368011,False,True,False
MAPK1,344,LMNA;S423;,0.619030036620895,False,True,False
MAPK1,345,ABI2;S165;,0.618328475866424,False,True,False
MAPK1,346,AP3D1;S755;,0.617723830132485,False,True,False
MAPK1,347,ITSN1;S315;,0.617718889113203,False,True,False
MAPK1,348,GSK3B;S9;,0.617508504080281,False,True,False
MAPK1,349,MURC;S20;,0.617312386966864,False,True,False
MAPK1,350,LOC100360205;S239;,0.617195541111488,False,True,False
MAPK1,351,FOSL2;T322;,0.616813594348311,False,True,False
MAPK1,352,SRPK2;S487;,0.616556089238456,False,True,False
MAPK1,353,NDRG1;T328;,0.616471833018946,False,True,False
MAPK1,354,RANBP3;S58;,0.615855146874328,False,True,False
MAPK1,355,MLLT4;S216;,0.615657760269938,False,True,False
MAPK1,356,AKAP2;S730;,0.615609683951832,False,True,False
MAPK1,357,MARK3;T594;,0.614184100581191,False,True,False
MAPK1,358,PRKAA1;S496;,0.614175241366673,False,True,False
MAPK1,359,TJP2;S147;,0.614086466864304,False,True,False
MAPK1,360,LOC100910104;S475;,0.613759955805636,False,True,False
MAPK1,361,AKAP11;S23;,0.613609966301126,False,True,False
MAPK1,362,TRIP12;T1454;,0.613557682875595,False,True,False
MAPK1,363,JSRP1;S47;,0.613341810422525,False,True,False
MAPK1,364,ACIN1;S711;,0.612166673750098,False,True,False
MAPK1,365,DUSP27;S370;,0.612050040914707,False,True,False
MAPK1,366,PNISR;S290;,0.611836481192712,False,True,False
MAPK1,367,SOX6;T401;,0.6113167804923,False,True,False
MAPK1,368,NUMA1;S1935;,0.611106066610565,False,True,False
MAPK1,369,RGD1562639;S1035;,0.610857217219665,False,True,False
MAPK1,370,DUSP27;S427;,0.610696222303448,False,True,False
MAPK1,371,SUN2;S12;,0.610018390390683,False,True,False
MAPK1,372,PID1;S231;,0.609706778173741,False,True,False
MAPK1,373,RGD1309586;S243;,0.609423323536679,False,True,False
MAPK1,374,RTF1;S416;,0.60936170290939,False,True,False
MAPK1,375,RPS6KA4;S681;,0.60849592477551,False,True,False
MAPK1,376,DUSP27;S368;,0.607787614353152,False,True,False
MAPK1,377,JMY;S56;,0.607450514078026,False,True,False
MAPK1,378,MDM2;S138;,0.605995203053107,False,True,False
MAPK1,379,LRRFIP2;T136;,0.605841372269745,False,True,False
MAPK1,380,ELMSAN1;S456;,0.60568452525289,False,True,False
MAPK1,381,AKT1S1;S184;,0.605470917457237,False,True,False
MAPK1,382,GSK3A;S41;,0.60519724057984,False,True,False
MAPK1,383,SVIL;S259;,0.60517629396979,False,True,False
MAPK1,384,EIF3A;S584;,0.605003065238017,False,True,False
MAPK1,385,LAMTOR1;S98;,0.604227434338513,False,True,False
MAPK1,386,FLNC;S2147;,0.603889813474108,False,True,False
MAPK1,387,AZI1;S304;,0.603105086240246,False,True,False
MAPK1,388,MBD3;S86;,0.602954683397629,False,True,False
MAPK1,389,MACF1;S1376;,0.602645092181453,False,True,False
MAPK1,390,SCRIB;S1529;,0.602544721844598,False,True,False
MAPK1,391,FAM171A2;S423;,0.601488563018732,False,True,False
MAPK1,392,SGTA;S306;,0.601385392999018,False,True,False
MAPK1,393,EIF5B;S183;,0.601155107824753,False,True,False
MAPK1,394,RGD1566017;S802;,0.60066837171386,False,True,False
MAPK1,395,AHNAK2;T438;,0.600197112277307,False,True,False
MAPK1,396,ZYX;S143;,0.599930130540203,False,False,False
MAPK1,397,RGD1307838;S903;,0.599805584859534,False,False,False
MAPK1,398,ANP32A;S15;,0.599255822766656,False,False,False
MAPK1,399,FOXO3;S252;,0.598483418370552,False,False,False
MAPK1,400,PID1;S232;,0.598235227894908,False,False,False
MAPK1,401,CEP170B;S1166;,0.597245127214561,False,False,False
MAPK1,402,EIF4B;T420;,0.59693941878238,False,False,False
MAPK1,403,FHOD1;S513;,0.596088176381828,False,False,False
MAPK1,404,NEK9;S736;,0.59598793710114,False,False,False
MAPK1,405,STMN1;S16;,0.594724840887583,False,False,False
MAPK1,406,MUSK;S689;,0.594082425295345,False,False,False
MAPK1,407,CIC;S1394;,0.59381555739912,False,False,False
MAPK1,408,PDS5B;S1176;,0.593778393809443,False,False,False
MAPK1,409,ALKBH5;S376;,0.59374313185249,False,False,False
MAPK1,410,AKT1S1;T247;,0.593132011260724,False,False,False
MAPK1,411,LARP4B;S498;,0.592517013184899,False,False,False
MAPK1,412,WWC3;S955;,0.59098039047258,False,False,False
MAPK1,413,PAK1;S203;,0.590948710207942,False,False,False
MAPK1,414,TRIM28;S474;,0.590091970276452,False,False,False
MAPK1,415,TJP1;S1604;,0.589989397871759,False,False,False
MAPK1,416,PEX1;S1209;,0.589367756488148,False,False,False
MAPK1,417,SMCR8;S497;,0.58836022587013,False,False,False
MAPK1,418,BSDC1;S216;,0.588128715684218,False,False,False
MAPK1,419,GAB2;T388;,0.586949176529886,False,False,False
MAPK1,420,TCF12;S583;,0.586794132319753,False,False,False
MAPK1,421,KANK2;S358;,0.586161618216243,False,False,False
MAPK1,422,CCDC88A;S1638;,0.585924829052624,False,False,False
MAPK1,423,ZFP295;S411;,0.585876759126023,False,False,False
MAPK1,424,FRMD8;S21;,0.585776231998189,False,False,False
MAPK1,425,SPAG7;S219;,0.585149328733753,False,False,False
MAPK1,426,C2CD4C;S262;,0.58400493181832,False,False,False
MAPK1,427,GSK3A;S21;,0.58383271340541,False,False,False
MAPK1,428,PID1;S242;,0.583658437697894,False,False,False
MAPK1,429,SPAG9;S716;,0.583518244696124,False,False,False
MAPK1,430,SON;S94;,0.583211707429303,False,False,False
MAPK1,431,DCLK1;S30;,0.582725957537909,False,False,False
MAPK1,432,MBD3;S85;,0.581742577214588,False,False,False
MAPK1,433,AIMP1;S110;,0.580160764099241,False,False,False
MAPK1,434,TDRD3;S256;,0.579776690670376,False,False,False
MAPK1,435,DAP;S2;,0.578422122138502,False,False,False
MAPK1,436,SIK2;S673;,0.577186138545205,False,False,False
MAPK1,437,MED1;S1467;,0.577126413162957,False,False,False
MAPK1,438,HOMER3;S158;,0.576918992463041,False,False,False
MAPK1,439,TSC2;S939;,0.576602855179313,False,False,False
MAPK1,440,KDM5C;S316;,0.576129852763574,False,False,False
MAPK1,441,CDKN1B;S12;,0.575836884976146,False,False,False
MAPK1,442,NES;S1123;,0.573851687069086,False,False,False
MAPK1,443,DNAJC25;T353;,0.572902874849465,False,False,False
MAPK1,444,MON2;S197;,0.57100579632148,False,False,False
MAPK1,445,EIF4EBP2;S2;,0.570039853634522,False,False,False
MAPK1,446,ARFGEF2;S214;,0.569224707082808,False,False,False
MAPK1,447,RABGEF1;T142;,0.56766335055572,False,False,False
MAPK1,448,PBXIP1;S132;,0.567638334776746,False,False,False
MAPK1,449,LMNA;S406;,0.567022230368827,False,False,False
MAPK1,450,ATG14;S5;,0.566376708067066,False,False,False
MAPK1,451,RBM3;S145;,0.565916913068365,False,False,False
MAPK1,452,RGD1307838;S900;,0.565512369257207,False,False,False
MAPK1,453,PDAP1;S178;,0.562277876810715,False,False,False
MAPK1,454,ARHGAP5;S1195;,0.562038943120038,False,False,False
MAPK1,455,RNF40;S586;,0.561790687666203,False,False,False
MAPK1,456,PHIP;S1251;,0.557290914960244,False,False,False
MAPK1,457,NEXN;S280;,0.555958183167915,False,False,False
MAPK1,458,LMO7;S1541;,0.555675105962311,False,False,False
MAPK1,459,RAPGEF1;S308;,0.555024348965799,False,False,False
MAPK1,460,AHNAK;S177;,0.55064596355943,False,False,False
MAPK1,461,BCL9L;S116;,0.550373251556542,False,False,False
MAPK1,462,DOPEY1;S1261;,0.549812198763732,False,False,False
MAPK1,463,ABL2;S799;,0.548893568362354,False,False,False
MAPK1,464,ATRX;S761;,0.548606330138736,False,False,False
MAPK1,465,SAP30L;T91;,0.548516743806851,False,False,False
MAPK1,466,LMO7;S1543;,0.548230679295453,False,False,False
MAPK1,467,MATR3;S188;,0.539676717165984,False,False,False
MAPK1,468,FRYL;T1959;,0.537786611159335,False,False,False
MAPK1,469,PAK2;S197;,0.535212340931624,False,False,False
MAPK1,470,DNAJC2;T48;,0.532129899753723,False,False,False
MAPK1,471,ALKBH5;S362;,0.530626849147017,False,False,False
MAPK1,472,RBM7;S72;,0.526718119277869,False,False,False
MAPK1,473,LOC100365259;S393;,0.525827543518892,False,False,False
MAPK1,474,DOCK7;S1361;,0.524762980206587,False,False,False
MAPK1,475,ATF7;T53;,0.524184736868723,False,False,False
MAPK1,476,TBC1D1;T590;,0.520970427668929,False,False,False
MAPK1,477,BICD2;S819;,0.519947005479877,False,False,False
MAPK1,478,KPNA1;S2;,0.51671566920569,False,False,False
MAPK1,479,SNW1;S224;,0.513038174520581,False,False,False
MAPK1,480,AKAP11;S1090;,0.504086081850596,False,False,False
MAPK1,481,DOCK6;S1339;,0.502265638922288,False,False,False
MAPK1,482,SH3PXD2A;S956;,0.501207069642483,False,False,False
MAPK1,483,UBE2O;T830;,0.487641578185278,False,False,False
MAPK1,484,BCL9L;S21;,0.475727717262776,False,False,False
MAPK1,485,MAPK1;Y185;,0.468415679546206,False,False,False
MAPK1,486,SPHK2;S379;,0.463739513478772,False,False,False
MAPK1,487,RGD1309586;S59;,0.460987017172414,False,False,False
MAPK1,488,PSMA5;T55;,0.454736435883571,False,False,False
MAPK1,489,MAPK14;Y182;,0.447728013403698,False,False,False
MAPK1,490,ABLIM3;S575;,0.433429475697189,False,False,False
MAPK1,491,GATAD2A;S96;,0.429613434635536,False,False,False
MAPK1,492,LOC684259;S780;,0.425196880625599,False,False,False
MAPK1,493,CEP68;S503;,0.413991652533677,False,False,False
MAPK1,494,BAD;S171;,0.410260624384675,False,False,False
MAPK1,495,FAM134C;S320;,0.402796131811744,False,False,False
MAPK1,496,SBF1;S1141;,0.401607924054302,False,False,False
MAPK1,497,AHCTF1;S1214;,0.397027389030125,False,False,False
MAPK1,498,EEF2K;S365;,0.393915125167571,False,False,False
MAPK1,499,PTPN12;T544;,0.381871096553591,False,False,False
MAPK1,500,RANBP10;S481;,0.370104293207652,False,False,False
MAPK1,501,SF3B1;T326;,0.364955476281303,False,False,False
MAPK1,502,ARPP21;S256;,0.358685668088597,False,False,False
MAPK1,503,LYSMD1;S33;,0.348758510299997,False,False,False
MAPK1,504,VAPA;S164;,0.34836753379474,False,False,False
MAPK1,505,PPAN;S238;,0.345350310348341,False,False,False
MAPK1,506,TMEM55A;S14;,0.337167090186756,False,False,False
MAPK1,507,FAM134C;S313;,0.337125679671959,False,False,False
MAPK1,508,SMCR8;S488;,0.326914874597959,False,False,False
MAPK1,509,SYNPO2L;T141;,0.322899822677147,False,False,False
MAPK1,510,DMXL1;S574;,0.321846996168332,False,False,False
MAPK1,511,SLC4A7;S263;,0.321354718309473,False,False,False
MAPK1,512,RGD1310016;S1171;,0.308013278320902,False,False,False
MAPK1,513,BAIAP2L1;S380;,0.30516171473683,False,False,False
MAPK1,514,VIM;T426;,0.301255213883321,False,False,False
MAPK1,515,ULK1;S637;,0.298003175370349,False,False,False
MAPK1,516,SMCR8;S491;,0.296629522758667,False,False,False
MAPK1,517,MAP4K4;S791;,0.296011331787783,False,False,False
MAPK1,518,NES;S1131;,0.294006948286148,False,False,False
MAPK1,519,SMCR8;S486;,0.286302345797904,False,False,False
MAPK1,520,TTN;S305;,0.284834139921048,False,False,False
MAPK1,521,ARFIP1;S39;,0.280029943740314,False,False,False
MAPK1,522,YAP1;S46;,0.278803813994558,False,False,False
MAPK1,523,LOC100910104;S532;,0.278714458514525,False,False,False
MAPK1,524,RGD1311783;S45;,0.278618937752109,False,False,False
MAPK1,525,LOC312502;S138;,0.274077300780566,False,False,False
MAPK1,526,SLC2A13;S38;,0.273113621406428,False,False,False
MAPK1,527,TBC1D1;S662;,0.272822912265666,False,False,False
MAPK1,528,MTFR1L;S235;,0.265167162734467,False,False,False
MAPK1,529,ZC3H13;S368;,0.264713468058747,False,False,False
MAPK1,530,VIM;S420;,0.262337576599414,False,False,False
MAPK1,531,SLC2A13;S44;,0.258243019138608,False,False,False
MAPK1,532,LOC312502;S139;,0.257992084112666,False,False,False
MAPK1,533,EHBP1L1;S1363;,0.257778181864415,False,False,False
MAPK1,534,LOC100911677;S490;,0.256800374012965,False,False,False
MAPK1,535,CORO7;S298;,0.255872007278502,False,False,False
MAPK1,536,STIM2;S675;,0.253631727447028,False,False,False
MAPK1,537,GATAD2A;S103;,0.252057054151045,False,False,False
MAPK1,538,PPAN;S240;,0.251494230049932,False,False,False
MAPK1,539,MTFR1L;S234;,0.248629360695046,False,False,False
MAPK1,540,PRKAB1;S108;,0.246130933726862,False,False,False
MAPK1,541,SH3PXD2A;S368;,0.243145716548664,False,False,False
MAPK1,542,TBC1D1;S231;,0.241322425987208,False,False,False
MAPK1,543,MTFR1L;S100;,0.239710923407067,False,False,False
MAPK1,544,COBL;S34;,0.237146326268745,False,False,False
MAPK1,545,MAP4K4;S794;,0.236796849884563,False,False,False
MAPK1,546,SLK;S778;,0.235790147603156,False,False,False
MAPK1,547,DENND4C;S1037;,0.234416655961544,False,False,False
MAPK1,548,PPAN;S233;,0.234359278497016,False,False,False
MAPK1,549,OPTN;S188;,0.232105316227028,False,False,False
MAPK1,550,SIPA1L1;S1411;,0.231780373123304,False,False,False
MAPK1,551,NES;S1071;,0.231751137870711,False,False,False
MAPK1,552,COBL;S31;,0.231655000700063,False,False,False
MAPK1,553,COG3;S536;,0.228785603792022,False,False,False
MAPK1,554,RGD1311783;S46;,0.224581420315553,False,False,False
MAPK1,555,SLC2A13;S47;,0.222987873255942,False,False,False
MAPK1,556,CLASP2;S331;,0.219857145321509,False,False,False
MAPK1,557,VIM;S430;,0.219292572320445,False,False,False
MAPK1,558,MPHOSPH10;S168;,0.21868525684285,False,False,False
MAPK1,559,ULK1;T659;,0.214637408504134,False,False,False
MAPK1,560,AHNAK;S222;,0.208542680195995,False,False,False
MAPK1,561,VPS26B;S304;,0.206398870838232,False,False,False
MAPK1,562,STIM1;S523;,0.206289625621853,False,False,False
MAPK1,563,MAP4;S902;,0.205200432156118,False,False,False
MAPK1,564,ULK1;S465;,0.203387731792902,False,False,False
MAPK1,565,ACACA;S79;,0.198620284055132,False,False,False
MAPK1,566,STIM1;S524;,0.198577387019489,False,False,False
MAPK1,567,TRAK1;S905;,0.197823282837284,False,False,False
MAPK1,568,RIPK2;S412;,0.194729074366915,False,False,False
MAPK1,569,AMOTL1;S580;,0.188971658785579,False,False,False
MAPK1,570,AKAP1;S103;,0.187639764977999,False,False,False
MAPK1,571,CHRND;S379;,0.181755264381694,False,False,False
MAPK1,572,GOLGA4;S116;,0.181428917221512,False,False,False
MAPK1,573,AKAP6;S562;,0.178613225775504,False,False,False
MAPK1,574,NES;S784;,0.167499092615387,False,False,False
MAPK1,575,KCTD3;S809;,0.164698230653847,False,False,False
MAPK1,576,ARHGEF17;S995;,0.163285738318778,False,False,False
MAPK1,577,HECTD1;S1573;,0.163281184086176,False,False,False
MAPK1,578,SIPA1L1;S1408;,0.162432698002041,False,False,False
MAPK1,579,ULK1;T468;,0.159837630204077,False,False,False
MAPK1,580,CAMK2D;T371;,0.15401822744689,False,False,False
MAPK1,581,STIM1;S257;,0.153344637893162,False,False,False
MAPK1,582,SLC4A7;S1171;,0.15157351939443,False,False,False
MAPK1,583,EEF2;T57;,0.147732119905302,False,False,False
MAPK1,584,AHNAK;S2117;,0.14270147813361,False,False,False
MAPK1,585,AHNAK;S1191;,0.141213396959734,False,False,False
MAPK1,586,NEK9;S16;,0.13749013148745,False,False,False
MAPK1,587,CHD8;S549;,0.127146221201299,False,False,False
MAPK1,588,SRSF10;S131;,0.12517364255697,False,False,False
MAPK1,589,MAPK8;Y185;,0.123256737908429,False,False,False
