kinase,site_id,pred_score,rank
AKT1,AZI1;S114;,0.979397812664136,1
AKT1,AFF4;S823;,0.974298417753483,2
AKT1,LMNA;S404;,0.971685921331354,3
AKT1,LARP1;S916;,0.96984747598103,4
AKT1,RGD1561609;S759;,0.969143271820713,5
AKT1,NDRG1;S330;,0.96907952528789,6
AKT1,PLEC;S4246;,0.968746898395434,7
AKT1,EIF4B;S422;,0.968004804966133,8
AKT1,SRPK2;S487;,0.967962755023476,9
AKT1,SH3BP5;S420;,0.967069625673128,10
AKT1,ELMSAN1;S456;,0.966735810977769,11
AKT1,GSK3B;S9;,0.964513929835467,12
AKT1,PFKFB2;S469;,0.961479082744131,13
AKT1,PRRC2B;S259;,0.958382029594688,14
AKT1,MACF1;S1376;,0.955808106958659,15
AKT1,RANBP3;S58;,0.953730460563539,16
AKT1,AP3D1;S755;,0.952508305309104,17
AKT1,TCF12;S583;,0.952354645825962,18
AKT1,SOS1;S1120;,0.947258969206902,19
AKT1,TNKS1BP1;S1642;,0.94695449469779,20
AKT1,FLNC;S2234;,0.945570878448851,21
AKT1,ZNRF2;S18;,0.942494881600158,22
AKT1,TFE3;S531;,0.942204925412444,23
AKT1,FOXO3;S252;,0.940690095122973,24
AKT1,CBX5;S93;,0.940169979546502,25
AKT1,PHLDB2;S241;,0.93056568637649,26
AKT1,NUMA1;S1958;,0.930000299824478,27
AKT1,SYNPO2L;S401;,0.929898885583656,28
AKT1,PID1;S232;,0.926319231992137,29
AKT1,ITSN1;S315;,0.925814628899828,30
AKT2,ELMSAN1;S456;,0.982972094024988,1
AKT2,AZI1;S114;,0.974035073209862,2
AKT2,EIF4B;S422;,0.967745168318595,3
AKT2,NDRG1;S330;,0.967598216721853,4
AKT2,SRPK2;S487;,0.967486078980669,5
AKT2,PARD3;S715;,0.967459187164813,6
AKT2,LARP1;S916;,0.966723477369658,7
AKT2,AFF4;S823;,0.966461104473455,8
AKT2,LMNA;S404;,0.962268002923781,9
AKT2,TFE3;S531;,0.960802524428077,10
AKT2,TNKS1BP1;S1642;,0.960364213374996,11
AKT2,MACF1;S1376;,0.956359605435372,12
AKT2,GAB2;S211;,0.953061969006443,13
AKT2,PLEC;S4246;,0.952400519730542,14
AKT2,FOXO3;S252;,0.951055347679804,15
AKT2,RGD1561609;S759;,0.949872045434197,16
AKT2,SYNPO2L;S401;,0.949765954983786,17
AKT2,AP3D1;S755;,0.94704239493721,18
AKT2,ZZEF1;S1535;,0.94614505748197,19
AKT2,CBX5;S93;,0.946012601740235,20
AKT2,GSK3B;S9;,0.945988664007488,21
AKT2,ZNRF2;S18;,0.943821165821652,22
AKT2,PFKFB2;S469;,0.940267194001946,23
AKT2,PRRC2B;S259;,0.940136864078063,24
AKT2,PID1;S232;,0.937208946154076,25
AKT2,FLNC;S2234;,0.935237034761609,26
AKT2,PDCD4;S420;,0.932642443477263,27
AKT2,NUMA1;S1958;,0.931789408285819,28
AKT2,SOS1;S1120;,0.931089325547211,29
AKT2,PI4K2A;S461;,0.930937567416662,30
CAMK2A,AFF4;S823;,0.98304765582313,1
CAMK2A,ELMSAN1;S456;,0.982726577356246,2
CAMK2A,LARP1;S916;,0.980560865109294,3
CAMK2A,TFE3;S531;,0.980384849821975,4
CAMK2A,LMNA;S404;,0.976892386813596,5
CAMK2A,PRRC2B;S259;,0.976415482274975,6
CAMK2A,AZI1;S114;,0.974438779621308,7
CAMK2A,TNKS1BP1;S1642;,0.973534940752483,8
CAMK2A,AP3D1;S755;,0.971484232458788,9
CAMK2A,PID1;S232;,0.971331320725182,10
CAMK2A,PLEC;S4246;,0.968084445498999,11
CAMK2A,EIF4B;S422;,0.966968591480563,12
CAMK2A,ZZEF1;S1535;,0.966788846637293,13
CAMK2A,PARD3;S715;,0.96290976351583,14
CAMK2A,UBA1;S13;,0.962178506656847,15
CAMK2A,PFKFB2;S469;,0.961909742870902,16
CAMK2A,MACF1;S1376;,0.960892606225514,17
CAMK2A,CBX5;S93;,0.960522343364307,18
CAMK2A,GSK3B;S9;,0.959041893801645,19
CAMK2A,TSC2;S939;,0.957605815408105,20
CAMK2A,NDRG1;S330;,0.955380428127011,21
CAMK2A,SH3BP5;S420;,0.954462954481848,22
CAMK2A,TCF12;S583;,0.952591060897176,23
CAMK2A,SYNPO2L;S401;,0.951150070937783,24
CAMK2A,ABI2;S165;,0.950994713270462,25
CAMK2A,SRPK2;S487;,0.948968210905515,26
CAMK2A,RGD1561609;S759;,0.948178850160834,27
CAMK2A,GSK3A;S21;,0.947510287598818,28
CAMK2A,ZNRF2;S18;,0.947177398772071,29
CAMK2A,GAB2;S211;,0.946928311591048,30
CDK2,STMN1;S38;,0.973241530905629,1
CDK2,DYNC1I2;S81;,0.971774806521746,2
CDK2,PI4K2A;S50;,0.970812967795827,3
CDK2,SAMD4B;S271;,0.97018997497859,4
CDK2,MAP1S;S683;,0.968682591277252,5
CDK2,BCL9L;S25;,0.964858486162234,6
CDK2,ETL4;S1844;,0.962403592451552,7
CDK2,GIGYF1;S28;,0.961350807677669,8
CDK2,SMCR7L;S59;,0.95953081333912,9
CDK2,PARVA;S14;,0.956682553509538,10
CDK2,PPP1R13L;S110;,0.956499068173582,11
CDK2,PPP1R13L;S360;,0.956149196171849,12
CDK2,LOC685707;S1251;,0.953476077522871,13
CDK2,TACC2;S575;,0.95208296590251,14
CDK2,MACF1;S5293;,0.949769335529084,15
CDK2,FHOD1;S501;,0.949149518324867,16
CDK2,CEP68;S510;,0.949045165978914,17
CDK2,NACA;S914;,0.948800147768006,18
CDK2,MYBBP1A;S1283;,0.946054999775146,19
CDK2,DLG2;S323;,0.944760428218411,20
CDK2,GBF1;S1786;,0.94355795141802,21
CDK2,MAP1B;S1257;,0.941762372260942,22
CDK2,GYS1;S728;,0.941483071155138,23
CDK2,PHF2;S782;,0.941476865689527,24
CDK2,PHF1;S415;,0.941119547908394,25
CDK2,PIEZO1;S1370;,0.940289035936568,26
CDK2,MID1;S96;,0.940091229332766,27
CDK2,BICD2;S611;,0.939825070749971,28
CDK2,BRD8;S274;,0.9365925204673,29
CDK2,ATXN2L;S447;,0.935926879650985,30
CDK5,TACC2;S575;,0.964754637698561,1
CDK5,DYNC1I2;S81;,0.962988436033224,2
CDK5,BCL9L;S25;,0.959216997299008,3
CDK5,GBF1;S1786;,0.959133786160942,4
CDK5,SAMD4B;S271;,0.956729861906428,5
CDK5,ETL4;S1844;,0.948106419955305,6
CDK5,LOC685707;S1251;,0.943515087172465,7
CDK5,MAP1S;S683;,0.938747742522941,8
CDK5,PI4K2A;S50;,0.936941565076278,9
CDK5,SMCR7L;S59;,0.932915271116645,10
CDK5,HELB;S944;,0.932822000974056,11
CDK5,AJUBA;S129;,0.93170993795993,12
CDK5,FHOD1;S501;,0.928747679811724,13
CDK5,PPP1R13L;S360;,0.928432980546264,14
CDK5,MAP1B;S1257;,0.926070950352388,15
CDK5,GIGYF1;S28;,0.92600393746436,16
CDK5,STMN1;S38;,0.923626711069352,17
CDK5,ATXN2L;S447;,0.923456027386706,18
CDK5,PARVA;S14;,0.920161332796535,19
CDK5,TMEM245;S327;,0.916330030591013,20
CDK5,DLG2;S323;,0.914884774920449,21
CDK5,MID1;S96;,0.914843092190114,22
CDK5,PIEZO1;S1370;,0.912867516447213,23
CDK5,CEP68;S510;,0.910802062524217,24
CDK5,BRD8;S274;,0.910671129372112,25
CDK5,NACA;S1454;,0.910295354548091,26
CDK5,CDC42EP2;S141;,0.908925943644609,27
CDK5,PPP1R12C;S508;,0.907394899931298,28
CDK5,MAP1B;S1389;,0.905776911681804,29
CDK5,PPP1R13L;S110;,0.903022770294516,30
IRAK1,LOC100911302;S1721;,0.934030184993205,1
IRAK1,STMN1;S25;,0.932281312733425,2
IRAK1,STAT3;S727;,0.930172684766675,3
IRAK1,SMCR7L;S59;,0.926125651235291,4
IRAK1,PXN;S83;,0.92173759014389,5
IRAK1,HN1L;S97;,0.919924058123306,6
IRAK1,CLIP1;S159;,0.917692906604111,7
IRAK1,SRRM2;S2228;,0.916253618341725,8
IRAK1,RPTOR;S863;,0.910125141948987,9
IRAK1,LOC312502;S483;,0.892077061363602,10
IRAK1,ARFGAP2;S145;,0.886503834172678,11
IRAK1,PHF2;S782;,0.88182083941059,12
IRAK1,FMN1;S589;,0.880844463849713,13
IRAK1,PPP1R13L;S154;,0.880272767049562,14
IRAK1,CEP68;S510;,0.876486878449234,15
IRAK1,AHNAK;S5243;,0.876119949844798,16
IRAK1,ATXN2L;S447;,0.874724715079636,17
IRAK1,FOSL2;S320;,0.87451422464621,18
IRAK1,TJP1;S1602;,0.873900224309219,19
IRAK1,SVIL;S1177;,0.87366061138039,20
IRAK1,NCAPH;S24;,0.867172646576759,21
IRAK1,SHC3;S359;,0.86470847144684,22
IRAK1,MACF1;S5293;,0.863026940677932,23
IRAK1,TRIO;S2463;,0.859460241478043,24
IRAK1,LIMA1;S360;,0.85781417347181,25
IRAK1,BAG3;S388;,0.857684783069897,26
IRAK1,MTSS1L;S575;,0.856685054721666,27
IRAK1,FBXO30;S379;,0.855185965655191,28
IRAK1,AJUBA;S129;,0.854266374945235,29
IRAK1,LOC100910104;S719;,0.850628859550969,30
MAP2K1,SAMD4B;S271;,0.960998479307793,1
MAP2K1,BCL9L;S25;,0.958254224905039,2
MAP2K1,PI4K2A;S50;,0.957197690186806,3
MAP2K1,STMN1;S38;,0.957178127816056,4
MAP2K1,PPP1R13L;S110;,0.949668212748829,5
MAP2K1,CHAMP1;S532;,0.947906529235691,6
MAP2K1,ZZEF1;S1516;,0.946608484183267,7
MAP2K1,BRD8;S274;,0.946250393063949,8
MAP2K1,GIGYF1;S28;,0.946240917562291,9
MAP2K1,FHOD1;S501;,0.944680200817952,10
MAP2K1,SH3D19;S274;,0.943344611104051,11
MAP2K1,GYS1;S728;,0.940058464023389,12
MAP2K1,DYNC1I2;S81;,0.938455217692646,13
MAP2K1,SMCR7L;S59;,0.937886170325583,14
MAP2K1,CEP68;S510;,0.936035063891872,15
MAP2K1,LIMA1;S360;,0.935674283462451,16
MAP2K1,LIMA1;S608;,0.934923836184924,17
MAP2K1,LOC685707;S1251;,0.934602558860177,18
MAP2K1,NACA;S1454;,0.932799001382501,19
MAP2K1,PHF2;S782;,0.932494118763435,20
MAP2K1,PARVA;S14;,0.929240845382887,21
MAP2K1,HELB;S944;,0.927377898367553,22
MAP2K1,HUWE1;S3898;,0.92617442493889,23
MAP2K1,TACC2;S575;,0.922752549478253,24
MAP2K1,PIEZO1;S1370;,0.922733314419591,25
MAP2K1,DLG2;S323;,0.919431425625125,26
MAP2K1,PPP1R13L;S360;,0.918587105743502,27
MAP2K1,ETL4;S1844;,0.918489477786187,28
MAP2K1,STAT3;S727;,0.918279197851385,29
MAP2K1,PPP1R12C;S508;,0.912693287581162,30
MAPK1,PI4K2A;S50;,0.968209774533791,1
MAPK1,SAMD4B;S271;,0.961880913227714,2
MAPK1,DYNC1I2;S81;,0.958103573121457,3
MAPK1,BCL9L;S25;,0.952951074461276,4
MAPK1,PPP1R13L;S110;,0.950464280851307,5
MAPK1,PPP1R13L;S360;,0.943783777245085,6
MAPK1,MAP1S;S683;,0.939882639612954,7
MAPK1,PARVA;S14;,0.939604539115229,8
MAPK1,DLG2;S323;,0.938647324598857,9
MAPK1,STMN1;S38;,0.938500036002297,10
MAPK1,BRD8;S274;,0.934801769880059,11
MAPK1,GIGYF1;S28;,0.930812765913517,12
MAPK1,PIEZO1;S1370;,0.930653278045529,13
MAPK1,CEP68;S510;,0.927410747830601,14
MAPK1,GBF1;S1786;,0.926994968440066,15
MAPK1,HUWE1;T3903;,0.926527878730341,16
MAPK1,LOC685707;S1251;,0.925787195225881,17
MAPK1,FHOD1;S501;,0.92401131443393,18
MAPK1,ETL4;S1844;,0.922178386157218,19
MAPK1,PHF1;S415;,0.919360288228309,20
MAPK1,PHF2;S782;,0.916601271947094,21
MAPK1,TACC2;S575;,0.914805646166064,22
MAPK1,SMCR7L;S59;,0.913875756450584,23
MAPK1,GYS1;S728;,0.909951096340571,24
MAPK1,MAP1B;S1257;,0.907884010461036,25
MAPK1,MYOZ2;T32;,0.904281325772817,26
MAPK1,MYBBP1A;S1283;,0.903921128512051,27
MAPK1,HUWE1;S3898;,0.902024637826544,28
MAPK1,TMEM245;S327;,0.900569433821713,29
MAPK1,LIMA1;S608;,0.89851658941673,30
MAPK10,CEP68;S510;,0.974136251922602,1
MAPK10,SAMD4B;S271;,0.971942120666136,2
MAPK10,PI4K2A;S50;,0.968709481763665,3
MAPK10,SMCR7L;S59;,0.965308793899952,4
MAPK10,STMN1;S38;,0.964703442761969,5
MAPK10,DYNC1I2;S81;,0.963883552636255,6
MAPK10,BCL9L;S25;,0.963604602202092,7
MAPK10,GIGYF1;S28;,0.958548838958001,8
MAPK10,MACF1;S5293;,0.956566135344251,9
MAPK10,DLG2;S323;,0.95491022774249,10
MAPK10,MYBBP1A;S1283;,0.954074017038961,11
MAPK10,ZZEF1;S1516;,0.953258251601178,12
MAPK10,PHF2;S782;,0.952384436295798,13
MAPK10,BRD8;S274;,0.951013596545974,14
MAPK10,FHOD1;S501;,0.950756814250226,15
MAPK10,MAP1S;S683;,0.950116677650994,16
MAPK10,ETL4;S1844;,0.949843532252726,17
MAPK10,ATXN2L;S447;,0.946911197206184,18
MAPK10,RPTOR;S863;,0.945680384978808,19
MAPK10,PATL1;S184;,0.943326097523393,20
MAPK10,PPP1R13L;S110;,0.942770388611577,21
MAPK10,TRIO;S2463;,0.941335216580258,22
MAPK10,MAP1B;S1257;,0.940150301595527,23
MAPK10,LIMA1;S608;,0.939602528388983,24
MAPK10,MID1;S96;,0.937718658050407,25
MAPK10,LOC685707;S1251;,0.937699004919822,26
MAPK10,PPP1R13L;S360;,0.937042542277248,27
MAPK10,STAT3;S727;,0.935069041191017,28
MAPK10,LOC683007;S1204;,0.934026223263188,29
MAPK10,PXN;S83;,0.933050822152715,30
MAPK14,TACC2;S575;,0.980713906236115,1
MAPK14,GBF1;S1786;,0.980358275062001,2
MAPK14,SAMD4B;S271;,0.976434532840086,3
MAPK14,DYNC1I2;S81;,0.973463910508922,4
MAPK14,ETL4;S1844;,0.972382242792343,5
MAPK14,BCL9L;S25;,0.96906954038267,6
MAPK14,FHOD1;S501;,0.96396593220407,7
MAPK14,PARVA;S14;,0.963034734470056,8
MAPK14,CEP68;S510;,0.961487799682761,9
MAPK14,PI4K2A;S50;,0.960971195911575,10
MAPK14,MAP1S;S683;,0.960528223420828,11
MAPK14,TMEM245;S327;,0.957999532703831,12
MAPK14,SMCR7L;S59;,0.95734713796288,13
MAPK14,MAP1B;S1257;,0.95727288847255,14
MAPK14,BRD8;S274;,0.957094860766721,15
MAPK14,LOC685707;S1251;,0.950984539213965,16
MAPK14,AJUBA;S129;,0.950651342048719,17
MAPK14,MID1;S96;,0.949001232831734,18
MAPK14,GIGYF1;S28;,0.947223610268008,19
MAPK14,DLG2;S323;,0.946108748097468,20
MAPK14,MAP1B;S1389;,0.943793864523035,21
MAPK14,CDC42EP2;S141;,0.943261243810062,22
MAPK14,PIEZO1;S1370;,0.942233077906424,23
MAPK14,ATXN2L;S447;,0.941010855165995,24
MAPK14,NACA;S1454;,0.937910227411193,25
MAPK14,GYS1;S728;,0.937613053059289,26
MAPK14,PPP1R13L;S110;,0.936633950321081,27
MAPK14,HELB;S944;,0.93504197665743,28
MAPK14,TRIO;S2463;,0.933649034060164,29
MAPK14,STMN1;S38;,0.931240695984623,30
MAPK3,DYNC1I2;S81;,0.973891259812957,1
MAPK3,SAMD4B;S271;,0.970751826996272,2
MAPK3,MAP1S;S683;,0.967892157013131,3
MAPK3,ETL4;S1844;,0.965062363274136,4
MAPK3,PI4K2A;S50;,0.956776440970964,5
MAPK3,PARVA;S14;,0.954515152244066,6
MAPK3,FHOD1;S501;,0.953678591485528,7
MAPK3,CEP68;S510;,0.952687261716477,8
MAPK3,GBF1;S1786;,0.946726228411693,9
MAPK3,TACC2;S575;,0.944681637799768,10
MAPK3,BCL9L;S25;,0.942423533141826,11
MAPK3,GIGYF1;S28;,0.942220815038412,12
MAPK3,SMCR7L;S59;,0.94062501515265,13
MAPK3,GYS1;S728;,0.94043191730701,14
MAPK3,BRD8;S274;,0.939219652595865,15
MAPK3,PPP1R13L;S110;,0.93913213989879,16
MAPK3,DLG2;S323;,0.935921088487238,17
MAPK3,PIEZO1;S1370;,0.935826059893431,18
MAPK3,PPP1R13L;S360;,0.934783001245166,19
MAPK3,TMEM245;S327;,0.933460864482669,20
MAPK3,MAP1B;S1257;,0.931802501658934,21
MAPK3,LOC685707;S1251;,0.930387586218557,22
MAPK3,MID1;S96;,0.92182097239311,23
MAPK3,MACF1;S5293;,0.919878960863294,24
MAPK3,AJUBA;S129;,0.914697240623962,25
MAPK3,ZZEF1;S1516;,0.912087487989292,26
MAPK3,HUWE1;S3898;,0.911266742266025,27
MAPK3,HELB;S944;,0.910898168438433,28
MAPK3,PHF2;S782;,0.910242311737659,29
MAPK3,ATXN2L;S447;,0.906417885512893,30
MAPK8,DYNC1I2;S81;,0.980745200819952,1
MAPK8,SAMD4B;S271;,0.97813629075601,2
MAPK8,ETL4;S1844;,0.968796239849024,3
MAPK8,CEP68;S510;,0.966604464672807,4
MAPK8,BCL9L;S25;,0.965304840685186,5
MAPK8,MAP1S;S683;,0.965274125789225,6
MAPK8,PI4K2A;S50;,0.95258958807228,7
MAPK8,GYS1;S728;,0.951073287695053,8
MAPK8,TACC2;S575;,0.949832716130635,9
MAPK8,SMCR7L;S59;,0.948043886527921,10
MAPK8,GBF1;S1786;,0.947560363342346,11
MAPK8,FHOD1;S501;,0.946845239596805,12
MAPK8,PARVA;S14;,0.94531494151745,13
MAPK8,AJUBA;S129;,0.944384930730353,14
MAPK8,PPP1R13L;S110;,0.944163458252076,15
MAPK8,PHF2;S782;,0.943495967085981,16
MAPK8,LOC685707;S1251;,0.942755782715543,17
MAPK8,PIEZO1;S1370;,0.941044930157203,18
MAPK8,GIGYF1;S28;,0.940499636513533,19
MAPK8,ZZEF1;S1516;,0.936997266963334,20
MAPK8,MAP1B;S1257;,0.935474511649517,21
MAPK8,TMEM245;S327;,0.933468689588887,22
MAPK8,MACF1;S5293;,0.93273597154457,23
MAPK8,MID1;S96;,0.930101884789368,24
MAPK8,AKAP2;S152;,0.929232787436962,25
MAPK8,BRD8;S274;,0.928994444814765,26
MAPK8,DLG2;S323;,0.927020869867077,27
MAPK8,ATXN2L;S447;,0.91980532224404,28
MAPK8,STMN1;S38;,0.918929902423994,29
MAPK8,PPP1R13L;S360;,0.917117118682925,30
MAPK9,SAMD4B;S271;,0.978275460976467,1
MAPK9,BCL9L;S25;,0.977603070417036,2
MAPK9,DYNC1I2;S81;,0.970674185095915,3
MAPK9,ETL4;S1844;,0.970293208619691,4
MAPK9,CEP68;S510;,0.966340819059327,5
MAPK9,STMN1;S38;,0.964870807483116,6
MAPK9,PI4K2A;S50;,0.962914731828994,7
MAPK9,SMCR7L;S59;,0.961995620119665,8
MAPK9,FHOD1;S501;,0.958646845054874,9
MAPK9,MAP1B;S1257;,0.954958722655142,10
MAPK9,MAP1S;S683;,0.952953141964405,11
MAPK9,TACC2;S575;,0.950719552765542,12
MAPK9,PPP1R13L;S110;,0.950561965765716,13
MAPK9,PHF2;S782;,0.947889102612267,14
MAPK9,GIGYF1;S28;,0.947796981959561,15
MAPK9,GBF1;S1786;,0.947700815194152,16
MAPK9,AJUBA;S129;,0.947153565413833,17
MAPK9,ATXN2L;S447;,0.946976404962286,18
MAPK9,BRD8;S274;,0.945758172338115,19
MAPK9,STAT3;S727;,0.944921504946889,20
MAPK9,MACF1;S5293;,0.943786005956284,21
MAPK9,PARVA;S14;,0.943681938107955,22
MAPK9,MYBBP1A;S1283;,0.943077764749895,23
MAPK9,LOC685707;S1251;,0.94284532633148,24
MAPK9,GYS1;S728;,0.94130264893563,25
MAPK9,DLG2;S323;,0.93869049386482,26
MAPK9,PIEZO1;S1370;,0.937938908118302,27
MAPK9,TRIO;S2463;,0.937884778575573,28
MAPK9,STMN1;S25;,0.935070944706271,29
MAPK9,MID1;S96;,0.930474191761281,30
MTOR,SAMD4B;S271;,0.965811867145804,1
MTOR,DYNC1I2;S81;,0.964746221580026,2
MTOR,BRD8;S274;,0.960382593353948,3
MTOR,PIEZO1;S1370;,0.960104831923761,4
MTOR,PI4K2A;S50;,0.958953599652665,5
MTOR,GBF1;S1786;,0.957777033984995,6
MTOR,LOC685707;S1251;,0.957233081590156,7
MTOR,GYS1;S728;,0.95693813836632,8
MTOR,GIGYF1;S28;,0.955447326365216,9
MTOR,TACC2;S575;,0.95417251183177,10
MTOR,MAP1S;S683;,0.95275592329648,11
MTOR,BCL9L;S25;,0.952410711548089,12
MTOR,CDC42EP2;S141;,0.951565057108252,13
MTOR,ETL4;S1844;,0.951307231549237,14
MTOR,PARVA;S14;,0.944970576784181,15
MTOR,FHOD1;S501;,0.944114980855241,16
MTOR,DLG2;S323;,0.943015056208645,17
MTOR,PPP1R13L;S360;,0.941733599332387,18
MTOR,CEP68;S510;,0.940191797736856,19
MTOR,MID1;S96;,0.939829704499822,20
MTOR,PPP1R13L;S110;,0.939735742928945,21
MTOR,HELB;S944;,0.938776585207988,22
MTOR,MAP1B;S1257;,0.934251050710278,23
MTOR,TMEM245;S327;,0.933086266389517,24
MTOR,ZZEF1;S1516;,0.929419243589136,25
MTOR,BICD2;S611;,0.927663842042795,26
MTOR,LIMA1;S608;,0.92189940795665,27
MTOR,GATAD2B;S338;,0.920194274907538,28
MTOR,AJUBA;S129;,0.919884423216177,29
MTOR,MAF1;S60;,0.918643415100131,30
PRKAA1,TRAK1;S905;,0.955209730731852,1
PRKAA1,AKAP1;S103;,0.953517659343666,2
PRKAA1,TBC1D1;S662;,0.95128421748505,3
PRKAA1,LOC100910104;S532;,0.950815628930672,4
PRKAA1,TBC1D1;S231;,0.949462523406606,5
PRKAA1,MAP4K4;S791;,0.946503871103486,6
PRKAA1,RGD1311783;S45;,0.946143444139548,7
PRKAA1,MTFR1L;S100;,0.945240291488923,8
PRKAA1,SLC2A13;S44;,0.944211453893812,9
PRKAA1,YAP1;S46;,0.939179544344913,10
PRKAA1,MTFR1L;S235;,0.9382891743114,11
PRKAA1,CORO7;S298;,0.936828045108314,12
PRKAA1,RGD1311783;S46;,0.935329217939392,13
PRKAA1,LOC312502;S138;,0.933643011214265,14
PRKAA1,CLASP2;S331;,0.932975165124978,15
PRKAA1,RIPK2;S412;,0.932062532893878,16
PRKAA1,PRKAB1;S108;,0.931267008986838,17
PRKAA1,ARFIP1;S39;,0.931215120013279,18
PRKAA1,COBL;S34;,0.930747042798151,19
PRKAA1,CHD8;S549;,0.930684453603232,20
PRKAA1,ULK1;S637;,0.930076261747194,21
PRKAA1,KCTD3;S809;,0.929232033853301,22
PRKAA1,ULK1;S465;,0.929164017718096,23
PRKAA1,SMCR8;S486;,0.926578204857716,24
PRKAA1,SRSF10;S131;,0.92588861093452,25
PRKAA1,NES;S1131;,0.92478326165366,26
PRKAA1,SH3PXD2A;S368;,0.923204809001872,27
PRKAA1,BAIAP2L1;S380;,0.923026278217734,28
PRKAA1,SLC2A13;S38;,0.922787991525785,29
PRKAA1,SMCR8;S488;,0.922750928408745,30
PRKAA2,MAP4K4;S791;,0.97119188097241,1
PRKAA2,TBC1D1;S662;,0.971038354504326,2
PRKAA2,RGD1311783;S45;,0.96846327631875,3
PRKAA2,CORO7;S298;,0.966342203837613,4
PRKAA2,SMCR8;S486;,0.964334477401924,5
PRKAA2,TBC1D1;S231;,0.964278988349134,6
PRKAA2,MTFR1L;S235;,0.963032371381439,7
PRKAA2,ULK1;S637;,0.962460957144897,8
PRKAA2,ARFIP1;S39;,0.961425870487117,9
PRKAA2,TRAK1;S905;,0.960975814035435,10
PRKAA2,SMCR8;S488;,0.960614198836201,11
PRKAA2,SMCR8;S491;,0.959347466001235,12
PRKAA2,LOC100910104;S532;,0.95744863905719,13
PRKAA2,SLC2A13;S44;,0.957403891939231,14
PRKAA2,SLC4A7;S263;,0.955422446916534,15
PRKAA2,GATAD2A;S96;,0.955218944767786,16
PRKAA2,PRKAB1;S108;,0.955197328057181,17
PRKAA2,MAP4K4;S794;,0.955094267334401,18
PRKAA2,ULK1;S465;,0.955060369853397,19
PRKAA2,MTFR1L;S100;,0.954543252441624,20
PRKAA2,NES;S1131;,0.951437069168333,21
PRKAA2,SLC2A13;S38;,0.950979657404475,22
PRKAA2,YAP1;S46;,0.950687619983901,23
PRKAA2,AKAP1;S103;,0.950050743040848,24
PRKAA2,LOC100911677;S490;,0.949846202542291,25
PRKAA2,ZC3H13;S368;,0.948988645627124,26
PRKAA2,LOC312502;S138;,0.948505606420633,27
PRKAA2,CLASP2;S331;,0.947658796143396,28
PRKAA2,TMEM55A;S14;,0.946044316303878,29
PRKAA2,OPTN;S188;,0.945720720678842,30
PRKACA,ELMSAN1;S456;,0.981920222618601,1
PRKACA,AFF4;S823;,0.980888072753455,2
PRKACA,LMNA;S404;,0.979989171677816,3
PRKACA,LARP1;S916;,0.97950014953165,4
PRKACA,EIF4B;S422;,0.976758508168804,5
PRKACA,AZI1;S114;,0.976757879533625,6
PRKACA,PARD3;S715;,0.976067975035124,7
PRKACA,TFE3;S531;,0.975907231357573,8
PRKACA,PRRC2B;S259;,0.975162875094733,9
PRKACA,SRPK2;S487;,0.973949039074387,10
PRKACA,UBA1;S13;,0.972305669391513,11
PRKACA,SH3BP5;S420;,0.972047787763918,12
PRKACA,TNKS1BP1;S1642;,0.970485220608847,13
PRKACA,NDRG1;S330;,0.969377700390543,14
PRKACA,GAB2;S211;,0.968551131884468,15
PRKACA,AP3D1;S755;,0.968428472686715,16
PRKACA,PFKFB2;S469;,0.968383189645463,17
PRKACA,PLEC;S4246;,0.968081154884162,18
PRKACA,SOS1;S1120;,0.968044475469624,19
PRKACA,ZNRF2;S18;,0.963224743266574,20
PRKACA,PID1;S232;,0.962315260963897,21
PRKACA,MACF1;S1376;,0.960868995320278,22
PRKACA,MYCBP2;S2750;,0.960136248811483,23
PRKACA,CBX5;S93;,0.959619756040636,24
PRKACA,RGD1561609;S759;,0.957368759856753,25
PRKACA,ZZEF1;S1535;,0.955492368844698,26
PRKACA,DUSP27;S366;,0.9541379240346,27
PRKACA,SIPA1L1;S288;,0.952960310540186,28
PRKACA,FLNC;S2234;,0.952950697781936,29
PRKACA,GSK3B;S9;,0.951874691833774,30
PRKCA,TFE3;S531;,0.987866482654565,1
PRKCA,AFF4;S823;,0.984285265852887,2
PRKCA,LARP1;S916;,0.981882560129767,3
PRKCA,AZI1;S114;,0.976981743668869,4
PRKCA,ELMSAN1;S456;,0.975619775271577,5
PRKCA,ZZEF1;S1535;,0.975143283223336,6
PRKCA,PLEC;S4246;,0.973263502583354,7
PRKCA,PRRC2B;S259;,0.972609014905739,8
PRKCA,CBX5;S93;,0.971879370259703,9
PRKCA,AP3D1;S755;,0.969688152049115,10
PRKCA,TNKS1BP1;S1642;,0.969394644344133,11
PRKCA,GSK3B;S9;,0.968301025026889,12
PRKCA,PFKFB2;S469;,0.964870527171439,13
PRKCA,LMNA;S404;,0.963314990616124,14
PRKCA,PID1;S232;,0.962478821317343,15
PRKCA,GSK3A;S21;,0.960520598561317,16
PRKCA,PHLDB1;S534;,0.960509632941839,17
PRKCA,UBA1;S13;,0.952624328195813,18
PRKCA,NDRG1;S330;,0.952081937439582,19
PRKCA,RGD1561609;S759;,0.950277303238746,20
PRKCA,TSC2;S939;,0.950095273573665,21
PRKCA,ZNRF2;S81;,0.945469465011766,22
PRKCA,RIN2;S494;,0.939641240879445,23
PRKCA,EIF4B;S422;,0.938542658775445,24
PRKCA,PCM1;S1280;,0.935307088431465,25
PRKCA,AKAP13;S2515;,0.932217448448111,26
PRKCA,ZNRF2;S18;,0.930668252387023,27
PRKCA,PI4K2A;S461;,0.917839539548517,28
PRKCA,DUSP27;S366;,0.91325347506147,29
PRKCA,ARHGAP22;S236;,0.911799284651728,30
PRKCB,AFF4;S823;,0.985298198970098,1
PRKCB,AZI1;S114;,0.984416985323667,2
PRKCB,PFKFB2;S469;,0.983002099935871,3
PRKCB,LARP1;S916;,0.979017457002797,4
PRKCB,PLEC;S4246;,0.978484941201392,5
PRKCB,TFE3;S531;,0.977345818811205,6
PRKCB,GSK3B;S9;,0.97641357335392,7
PRKCB,LMNA;S404;,0.972135941031999,8
PRKCB,TSC2;S939;,0.970757944889519,9
PRKCB,CBX5;S93;,0.970752222958036,10
PRKCB,PRRC2B;S259;,0.968453342614596,11
PRKCB,RGD1561609;S759;,0.967625967971135,12
PRKCB,PHLDB1;S534;,0.964112876976979,13
PRKCB,ZNRF2;S81;,0.962639829786486,14
PRKCB,GSK3A;S21;,0.957879559867332,15
PRKCB,ZZEF1;S1535;,0.956658155788411,16
PRKCB,AP3D1;S755;,0.953830098878945,17
PRKCB,PID1;S232;,0.953796636213382,18
PRKCB,DDX3X;S261;,0.952973565686239,19
PRKCB,TNKS1BP1;S1642;,0.950463936868327,20
PRKCB,NDRG1;S330;,0.950141109150082,21
PRKCB,TCF12;S583;,0.94856493737051,22
PRKCB,EIF4B;S422;,0.947033198317065,23
PRKCB,HECTD1;S1392;,0.944503717218907,24
PRKCB,SIPA1L1;S288;,0.943408387998745,25
PRKCB,SH3BP5;S420;,0.93864492379008,26
PRKCB,SOS1;S1120;,0.937485088187543,27
PRKCB,RANBP3;S58;,0.937343547787511,28
PRKCB,ARHGAP22;S236;,0.935898933926155,29
PRKCB,FOXO3;S252;,0.93347945566256,30
PRKCD,PFKFB2;S469;,0.981706502449432,1
PRKCD,ZNRF2;S81;,0.978320641416099,2
PRKCD,AZI1;S114;,0.975613009250731,3
PRKCD,PLEC;S4246;,0.975517259378813,4
PRKCD,TFE3;S531;,0.972983967807193,5
PRKCD,LARP1;S916;,0.972533529654725,6
PRKCD,LMNA;S404;,0.97245264769245,7
PRKCD,AFF4;S823;,0.971994573325905,8
PRKCD,PRRC2B;S259;,0.971894392737475,9
PRKCD,RGD1561609;S759;,0.971558650042246,10
PRKCD,SIPA1L1;S288;,0.965312154694902,11
PRKCD,CBX5;S93;,0.96365331497677,12
PRKCD,ITSN1;S315;,0.960187572920261,13
PRKCD,PHLDB1;S534;,0.958885672347681,14
PRKCD,SOS1;S1120;,0.957817726508458,15
PRKCD,SH3BP5;S420;,0.955146337439818,16
PRKCD,TSC2;S939;,0.953361607390132,17
PRKCD,PHLDB2;S241;,0.952343889177019,18
PRKCD,ZZEF1;S1535;,0.952221125304944,19
PRKCD,PID1;S232;,0.951413759494308,20
PRKCD,TCF12;S583;,0.94989097398364,21
PRKCD,AP3D1;S755;,0.947568894285798,22
PRKCD,NDRG1;S330;,0.947277809821438,23
PRKCD,GSK3B;S9;,0.944328558159115,24
PRKCD,DUSP27;S366;,0.942237538380057,25
PRKCD,DDX3X;S261;,0.934740243502339,26
PRKCD,AKAP13;S2515;,0.932338569876098,27
PRKCD,SPAG9;S716;,0.92565254746185,28
PRKCD,ARHGAP22;S236;,0.924653287718203,29
PRKCD,CEP170B;S1166;,0.91851721907838,30
PRKCE,PFKFB2;S469;,0.981470219344129,1
PRKCE,ZNRF2;S81;,0.980624151773452,2
PRKCE,DDX3X;S261;,0.97818556992387,3
PRKCE,PRRC2B;S259;,0.975166638886628,4
PRKCE,PHLDB1;S534;,0.972783878987486,5
PRKCE,AFF4;S823;,0.97248434157211,6
PRKCE,PLEC;S4246;,0.971103394034444,7
PRKCE,HECTD1;S1392;,0.966191162813719,8
PRKCE,SIPA1L1;S288;,0.966150342544248,9
PRKCE,TFE3;S531;,0.965946540507717,10
PRKCE,SOS1;S1120;,0.965646101977498,11
PRKCE,AZI1;S114;,0.960097084646846,12
PRKCE,SH3BP5;S420;,0.948989795442833,13
PRKCE,LARP1;S916;,0.945491522276989,14
PRKCE,NDRG1;S330;,0.94441959139864,15
PRKCE,HECTD1;S1393;,0.939636586140313,16
PRKCE,TSC2;S939;,0.928729923541164,17
PRKCE,LMNA;S404;,0.927168890128265,18
PRKCE,RGD1561609;S759;,0.922605918248472,19
PRKCE,ITSN1;S315;,0.922212958030991,20
PRKCE,TRIM28;S474;,0.918536568141678,21
PRKCE,ZFYVE16;S903;,0.916713585250399,22
PRKCE,GSK3B;S9;,0.914428737530713,23
PRKCE,PHLDB2;S241;,0.910847325438465,24
PRKCE,CBX5;S93;,0.909081169432717,25
PRKCE,SPAG9;S716;,0.906201922102021,26
PRKCE,UBA1;S13;,0.905343283668797,27
PRKCE,MYCBP2;S2750;,0.898739660327933,28
PRKCE,PID1;S232;,0.898148689039027,29
PRKCE,ZNRF2;S18;,0.893490466748217,30
PRKCH,GSK3B;S9;,0.982168427840595,1
PRKCH,AFF4;S823;,0.981598791882207,2
PRKCH,LARP1;S916;,0.979471013840196,3
PRKCH,AZI1;S114;,0.978949796961363,4
PRKCH,GSK3A;S21;,0.977892541461981,5
PRKCH,ZZEF1;S1535;,0.977018830917433,6
PRKCH,CBX5;S93;,0.976733035301379,7
PRKCH,TNKS1BP1;S1642;,0.975148173485691,8
PRKCH,FOXO3;S252;,0.97481630318079,9
PRKCH,TSC2;S939;,0.973930936510957,10
PRKCH,TFE3;S531;,0.972640970360714,11
PRKCH,PID1;S232;,0.972464501313588,12
PRKCH,PFKFB2;S469;,0.971734368525399,13
PRKCH,LMNA;S404;,0.971659267626995,14
PRKCH,PRRC2B;S259;,0.971101815430324,15
PRKCH,AP3D1;S755;,0.970197246676928,16
PRKCH,ELMSAN1;S456;,0.967917873414968,17
PRKCH,PLEC;S4246;,0.966863801041098,18
PRKCH,MACF1;S1376;,0.966291886346561,19
PRKCH,RGD1561609;S759;,0.963575881687703,20
PRKCH,ZNRF2;S81;,0.963567272715199,21
PRKCH,ZNRF2;S18;,0.961505402014718,22
PRKCH,ABI2;S165;,0.958916511593637,23
PRKCH,EIF4B;S422;,0.95757606348286,24
PRKCH,NDRG1;S330;,0.956580335529949,25
PRKCH,SIPA1L1;S288;,0.956512389551577,26
PRKCH,DUSP27;S366;,0.956488771503965,27
PRKCH,ARHGAP22;S236;,0.956169265238553,28
PRKCH,TCF12;S583;,0.955886985521191,29
PRKCH,RANBP3;S58;,0.955521126301719,30
RPS6KA1,ELMSAN1;S456;,0.977763290127265,1
RPS6KA1,LARP1;S916;,0.973122887106996,2
RPS6KA1,LMNA;S404;,0.966125688977516,3
RPS6KA1,AFF4;S823;,0.965434255810458,4
RPS6KA1,NDRG1;S330;,0.9651872747834,5
RPS6KA1,PRRC2B;S259;,0.965099261607876,6
RPS6KA1,AP3D1;S755;,0.965040789754102,7
RPS6KA1,AZI1;S114;,0.964738227649896,8
RPS6KA1,TFE3;S531;,0.964725913931116,9
RPS6KA1,EIF4B;S422;,0.964148130425462,10
RPS6KA1,PLEC;S4246;,0.962628238724734,11
RPS6KA1,TNKS1BP1;S1642;,0.96103540026297,12
RPS6KA1,SRPK2;S487;,0.959321064276671,13
RPS6KA1,RGD1561609;S759;,0.953104102644912,14
RPS6KA1,CBX5;S93;,0.952865348199964,15
RPS6KA1,SOS1;S1120;,0.952325859968283,16
RPS6KA1,UBA1;S13;,0.950874581038697,17
RPS6KA1,PARD3;S715;,0.950578036728468,18
RPS6KA1,ZNRF2;S18;,0.947589183229186,19
RPS6KA1,PID1;S232;,0.947544277920215,20
RPS6KA1,PFKFB2;S469;,0.947306644922217,21
RPS6KA1,ZZEF1;S1535;,0.945268685258765,22
RPS6KA1,SH3BP5;S420;,0.943096716969291,23
RPS6KA1,FLNC;S2234;,0.942839989206769,24
RPS6KA1,GAB2;S211;,0.937706294631927,25
RPS6KA1,DUSP27;S366;,0.937480309263128,26
RPS6KA1,SIPA1L1;S288;,0.93567214252136,27
RPS6KA1,PI4K2A;S461;,0.933237852775558,28
RPS6KA1,MYCBP2;S2750;,0.930798800808726,29
RPS6KA1,FOXO3;S252;,0.929479212888254,30
RPS6KA5,ELMSAN1;S456;,0.987010730809294,1
RPS6KA5,TFE3;S531;,0.986539546612276,2
RPS6KA5,UBA1;S13;,0.981663858519738,3
RPS6KA5,LARP1;S916;,0.980660672087323,4
RPS6KA5,AFF4;S823;,0.979068878258607,5
RPS6KA5,TNKS1BP1;S1642;,0.978650133353016,6
RPS6KA5,PRRC2B;S259;,0.976976018323782,7
RPS6KA5,NDRG1;S330;,0.975428021740578,8
RPS6KA5,CBX5;S93;,0.974045094377927,9
RPS6KA5,PHLDB1;S534;,0.97354774476569,10
RPS6KA5,AZI1;S114;,0.973115813289061,11
RPS6KA5,PARD3;S715;,0.97231741693593,12
RPS6KA5,PFKFB2;S469;,0.971158686501427,13
RPS6KA5,ZZEF1;S1535;,0.970570053476792,14
RPS6KA5,LMNA;S404;,0.970404424486263,15
RPS6KA5,PCM1;S1280;,0.968462299563552,16
RPS6KA5,ZNRF2;S18;,0.968431390687256,17
RPS6KA5,PID1;S232;,0.968094908276832,18
RPS6KA5,AP3D1;S755;,0.966110312397594,19
RPS6KA5,PLEC;S4246;,0.966098048301973,20
RPS6KA5,PTPN21;S599;,0.963368114859019,21
RPS6KA5,SIPA1L1;S288;,0.961778760138289,22
RPS6KA5,ARHGAP17;S710;,0.961665025050917,23
RPS6KA5,RGD1561609;S759;,0.960963833985618,24
RPS6KA5,GAB2;S211;,0.960648790443488,25
RPS6KA5,EIF4B;S422;,0.960280028040196,26
RPS6KA5,GSK3B;S9;,0.959617576812877,27
RPS6KA5,ZNRF2;S81;,0.959000696117705,28
RPS6KA5,MYCBP2;S2750;,0.958581260305166,29
RPS6KA5,DUSP27;S366;,0.958571790981628,30
RPS6KB1,AZI1;S114;,0.980054731611066,1
RPS6KB1,ELMSAN1;S456;,0.979001342121194,2
RPS6KB1,LARP1;S916;,0.978010140604956,3
RPS6KB1,AFF4;S823;,0.976277614249074,4
RPS6KB1,EIF4B;S422;,0.973288770818754,5
RPS6KB1,LMNA;S404;,0.973220555008035,6
RPS6KB1,NDRG1;S330;,0.972396410277723,7
RPS6KB1,PLEC;S4246;,0.971659885078622,8
RPS6KB1,RGD1561609;S759;,0.971244597391452,9
RPS6KB1,GSK3B;S9;,0.969060051321324,10
RPS6KB1,SRPK2;S487;,0.965961922125734,11
RPS6KB1,TNKS1BP1;S1642;,0.962824021201745,12
RPS6KB1,PRRC2B;S259;,0.958251268002759,13
RPS6KB1,AP3D1;S755;,0.958168805044982,14
RPS6KB1,TFE3;S531;,0.957516820890961,15
RPS6KB1,CBX5;S93;,0.95664281541143,16
RPS6KB1,MACF1;S1376;,0.955800368851322,17
RPS6KB1,PARD3;S715;,0.950963537738503,18
RPS6KB1,FOXO3;S252;,0.949391886514709,19
RPS6KB1,ZZEF1;S1535;,0.948925914490013,20
RPS6KB1,SH3BP5;S420;,0.948174251765307,21
RPS6KB1,SYNPO2L;S401;,0.945199120283677,22
RPS6KB1,FLNC;S2234;,0.943523086856732,23
RPS6KB1,PFKFB2;S469;,0.941660565467486,24
RPS6KB1,TCF12;S583;,0.938062464210836,25
RPS6KB1,NUMA1;S1958;,0.936757885275291,26
RPS6KB1,PI4K2A;S461;,0.934767328921643,27
RPS6KB1,RANBP3;S58;,0.933640532608633,28
RPS6KB1,SOS1;S1120;,0.931550671782577,29
RPS6KB1,PID1;S232;,0.929139729731793,30
TBK1,AJUBA;S129;,0.960058630590024,1
TBK1,GAB2;S143;,0.959996953910439,2
TBK1,ETL4;S1844;,0.950181287815239,3
TBK1,TACC2;S575;,0.947153390712603,4
TBK1,LOC100911302;S1721;,0.94334542430948,5
TBK1,CDC42EP4;S140;,0.943189549848559,6
TBK1,MAP1B;S1389;,0.937672884049268,7
TBK1,GBF1;S1786;,0.935532214794144,8
TBK1,GATAD2B;S338;,0.934745466747072,9
TBK1,ZC3HC1;S343;,0.934715756324595,10
TBK1,NACA;S1454;,0.933445486720829,11
TBK1,LOC312502;S483;,0.933062496127479,12
TBK1,MAP1B;S1257;,0.932534717125873,13
TBK1,DDX3X;S261;,0.93172148760806,14
TBK1,NACA;S1125;,0.930331350758093,15
TBK1,RAF1;S295;,0.927080475199523,16
TBK1,CDC42EP2;S137;,0.926834269045586,17
TBK1,DDX19A;S86;,0.92449402789604,18
TBK1,CDC42EP2;S141;,0.922239191489774,19
TBK1,FOXK1;S225;,0.922140184695467,20
TBK1,FHOD1;S501;,0.920079549262207,21
TBK1,PI4K2A;S46;,0.917359333139269,22
TBK1,FOSL2;S320;,0.916725202930583,23
TBK1,AGAP3;S107;,0.916072915597942,24
TBK1,TNRC6B;S306;,0.913853243679112,25
TBK1,ATG2A;S1246;,0.909640010784574,26
TBK1,HELB;S944;,0.908645253309965,27
TBK1,MKL1;S571;,0.905176001351689,28
TBK1,BICD2;S611;,0.904871699913339,29
TBK1,SRRM2;S2338;,0.900948632252623,30
